feature,coefficient,abs_coef
rebar_turkey_fob_lag5,3.3128457866352217,3.3128457866352217
rebar_iron_spread,3.1580399774045564,3.1580399774045564
rebar_turkey_fob_lag20,2.445741573584803,2.445741573584803
rebar_turkey_fob_ma5,1.9569350858631753,1.9569350858631753
iron_ore_62fe_lag5,1.7086155335385589,1.7086155335385589
scrap_hms12_turkey_lag5,1.6857237624949781,1.6857237624949781
rebar_turkey_fob_momentum20,1.5686947491401533,1.5686947491401533
billet_rebar_ratio,-1.5436707773817437,1.5436707773817437
rebar_scrap_spread,1.5115669794883972,1.5115669794883972
rebar_turkey_fob_ma20,1.277695496026105,1.277695496026105
rebar_turkey_fob_ma30,1.2445818507508477,1.2445818507508477
scrap_hms12_turkey_ma5,1.2304977813689308,1.2304977813689308
iron_ore_62fe_lag20,1.0092471419052365,1.0092471419052365
scrap_hms12_turkey_lag10,-0.8885093423585524,0.8885093423585524
scrap_hms12_turkey_lag20,0.8583221539604747,0.8583221539604747
rebar_turkey_fob_momentum5,0.8268957315292086,0.8268957315292086
scrap_hms12_turkey_momentum20,0.7968356135991038,0.7968356135991038
iron_ore_62fe_momentum20,0.7661163048792973,0.7661163048792973
billet_gcc_cfr_ma5,0.7222729629537128,0.7222729629537128
rebar_turkey_fob_lag1,0.7164675957428361,0.7164675957428361
iron_ore_62fe_lag10,-0.689199602020703,0.689199602020703
scrap_hms12_turkey_momentum5,0.653117685844767,0.653117685844767
billet_saudi_exworks_lag5,0.6048465810790213,0.6048465810790213
billet_saudi_exworks_lag30,0.5694106274545624,0.5694106274545624
iron_ore_62fe_momentum5,0.5636829502873281,0.5636829502873281
billet_gcc_cfr_ma30,-0.5579966077513228,0.5579966077513228
scrap_hms12_turkey_lag1,0.5524799028954316,0.5524799028954316
billet_gcc_cfr_ma20,-0.5375364887568265,0.5375364887568265
coking_coal_australia_lag10,0.5359752923592999,0.5359752923592999
billet_gcc_cfr_lag30,-0.4241782256044589,0.4241782256044589
coke_rizhao_china_ma5,0.39151432581512036,0.39151432581512036
rebar_turkey_fob_lag10,0.3852939246411742,0.3852939246411742
billet_saudi_exworks_momentum20,0.3801525033474551,0.3801525033474551
coke_rizhao_china_ma20,0.3788533797721289,0.3788533797721289
billet_gcc_cfr_lag10,-0.3550337086885205,0.3550337086885205
iron_ore_62fe_lag30,0.33397627751472964,0.33397627751472964
billet_saudi_exworks_lag20,0.30903285250124124,0.30903285250124124
coking_coal_australia_lag30,-0.29531920704847503,0.29531920704847503
scrap_hms12_turkey_lag30,0.28499131596315436,0.28499131596315436
coke_lvliang_china_lag30,0.2808777597635818,0.2808777597635818
coking_coal_australia_lag5,-0.2721481037550426,0.2721481037550426
coke_rizhao_china_lag1,0.2583587638842108,0.2583587638842108
billet_cis_fob_momentum20,-0.2339292276910896,0.2339292276910896
coke_rizhao_china_ma30,0.23069386269247555,0.23069386269247555
billet_saudi_exworks_momentum5,0.21230204604156994,0.21230204604156994
billet_saudi_exworks_std20,-0.18087939370211006,0.18087939370211006
billet_cis_fob_std20,0.1804239297919005,0.1804239297919005
rebar_turkey_fob_rsi,0.17003110587678114,0.17003110587678114
billet_gcc_cfr_momentum20,-0.15565799874126104,0.15565799874126104
billet_saudi_exworks_ma5,-0.15507941173243453,0.15507941173243453
iron_ore_62fe_std20,0.15432650036690437,0.15432650036690437
coke_lvliang_china_std20,0.15254353595151016,0.15254353595151016
coke_rizhao_china_lag20,0.14792743627771096,0.14792743627771096
rebar_turkey_fob_std20,-0.13867309965780403,0.13867309965780403
billet_cis_fob_lag1,0.13787675024375318,0.13787675024375318
rebar_uae_exworks_std20,-0.1313971267292741,0.1313971267292741
billet_cis_fob_lag10,-0.11642485122620666,0.11642485122620666
billet_gcc_cfr_momentum5,0.10607517527523491,0.10607517527523491
coke_rizhao_china_std20,0.10242016973246976,0.10242016973246976
rebar_uae_exworks_momentum5,0.09314390260024598,0.09314390260024598
coking_coal_australia_lag1,-0.09164315900129506,0.09164315900129506
coking_coal_australia_momentum20,-0.09127847644606599,0.09127847644606599
billet_cis_fob_ma5,0.08502549380934703,0.08502549380934703
coke_lvliang_china_momentum5,0.07242698403637957,0.07242698403637957
rebar_uae_exworks_lag10,-0.07023589764399082,0.07023589764399082
coke_rizhao_china_momentum20,-0.06678009822236063,0.06678009822236063
scrap_hms12_turkey_std20,0.04765412899129441,0.04765412899129441
coke_lvliang_china_momentum20,-0.04401053385784039,0.04401053385784039
billet_cis_fob_momentum5,0.03893248926508797,0.03893248926508797
rebar_uae_exworks_lag30,-0.027718733870485478,0.027718733870485478
coke_rizhao_china_lag5,0.022713119718832567,0.022713119718832567
billet_gcc_cfr_std20,0.019501964389919628,0.019501964389919628
coking_coal_australia_lag20,-0.018063428342077605,0.018063428342077605
coking_coal_australia_ma5,-0.015140625011336091,0.015140625011336091
coke_rizhao_china_momentum5,-0.014186687349144968,0.014186687349144968
rebar_uae_exworks_momentum20,0.004616660160247461,0.004616660160247461
rebar_uae_exworks_ma30,-0.0045933473186748125,0.0045933473186748125
coking_coal_australia_std20,-0.0019111259859047013,0.0019111259859047013
rebar_uae_exworks_ma20,-0.0,0.0
rebar_uae_exworks_ma5,-0.0,0.0
scrap_hms12_turkey_ma20,-0.0,0.0
billet_gcc_cfr_lag20,0.0,0.0
billet_gcc_cfr_lag5,-0.0,0.0
billet_gcc_cfr_lag1,0.0,0.0
billet_cis_fob_ma30,0.0,0.0
scrap_hms12_turkey_ma30,0.0,0.0
billet_cis_fob_ma20,0.0,0.0
billet_cis_fob_lag30,-0.0,0.0
billet_cis_fob_lag20,0.0,0.0
rebar_uae_exworks_lag20,-0.0,0.0
coke_rizhao_china_lag30,0.0,0.0
rebar_uae_exworks_lag5,-0.0,0.0
iron_ore_62fe_ma5,-0.0,0.0
coke_rizhao_china_lag10,0.0,0.0
billet_cis_fob_lag5,0.0,0.0
coking_coal_australia_ma20,-0.0,0.0
coking_coal_australia_ma30,-0.0,0.0
coking_coal_australia_momentum5,-0.0,0.0
iron_ore_62fe_lag1,-0.0,0.0
coke_lvliang_china_ma30,0.0,0.0
coke_lvliang_china_ma20,0.0,0.0
coke_lvliang_china_ma5,0.0,0.0
iron_ore_62fe_ma20,0.0,0.0
rebar_uae_exworks_lag1,0.0,0.0
iron_ore_62fe_ma30,0.0,0.0
coke_lvliang_china_lag20,0.0,0.0
coke_lvliang_china_lag10,0.0,0.0
coke_lvliang_china_lag5,0.0,0.0
coke_lvliang_china_lag1,0.0,0.0
billet_saudi_exworks_ma30,0.0,0.0
billet_saudi_exworks_ma20,0.0,0.0
billet_saudi_exworks_lag10,-0.0,0.0
billet_saudi_exworks_lag1,0.0,0.0
rebar_turkey_fob_lag30,0.0,0.0
