date,actual,predicted,error,error_pct
2025-08-09,542.5,543.4377311525376,-0.9377311525375944,-0.17285366867052432
2025-08-10,542.5,543.0871628581067,-0.5871628581066943,-0.10823278490445978
2025-08-11,542.5,543.0789902405825,-0.5789902405824705,-0.10672631162810516
2025-08-12,542.5,543.2932079976564,-0.7932079976563955,-0.1462134557891973
2025-08-14,540.0,541.0581411466494,-1.0581411466494046,-0.1959520641943342
2025-08-15,540.0,540.9089698243329,-0.9089698243328712,-0.168327745246828
2025-08-16,540.0,540.9548274022228,-0.9548274022228043,-0.1768198893005193
2025-08-17,540.0,540.6411458164619,-0.641145816461858,-0.11873070675219592
2025-08-18,540.0,540.8060228122811,-0.8060228122810713,-0.14926348375575393
2025-08-19,540.0,540.8460616459591,-0.8460616459591392,-0.15667808258502577
2025-08-20,537.5,540.811728732231,-3.3117287322310176,-0.6161355780894917
2025-08-21,537.5,538.9148140719334,-1.4148140719333924,-0.2632212226852823
2025-08-22,537.5,538.5520278832886,-1.0520278832885879,-0.19572611782113264
2025-08-23,537.5,538.5859759036003,-1.0859759036003425,-0.20204202857680792
2025-08-24,537.5,538.3556639913713,-0.8556639913713298,-0.1591933007202474
2025-08-25,537.5,538.2202959075146,-0.7202959075145827,-0.13400854093294562
2025-08-26,537.5,538.3269240029915,-0.8269240029915181,-0.15384632613795687
2025-08-27,537.5,538.0247371588626,-0.5247371588626493,-0.09762551792793474
2025-08-28,537.5,537.9259580460242,-0.4259580460242205,-0.07924800856264567
2025-08-29,537.5,537.9203545338963,-0.4203545338963295,-0.07820549467838687
2025-08-30,537.5,537.8730514983567,-0.37305149835674456,-0.0694049299268362
2025-08-31,537.5,537.6991750979915,-0.19917509799154232,-0.03705583218447299
2025-09-01,537.5,537.5756156898017,-0.07561568980167976,-0.014068035311940421
2025-09-02,537.5,537.6572290179882,-0.15722901798824296,-0.029251910323394036
2025-09-03,535.0,537.9326188391907,-2.9326188391906953,-0.5481530540543356
2025-09-04,535.0,536.3021785123561,-1.3021785123561358,-0.2433978527768478
2025-09-05,535.0,536.2181361471233,-1.2181361471233458,-0.22768899946230764
2025-09-06,535.0,536.1333543640026,-1.133354364002571,-0.21184193719674224
2025-09-07,535.0,536.0515174545578,-1.0515174545578247,-0.1965453186089392
2025-09-08,535.0,535.9177539688467,-0.9177539688466823,-0.17154279791526772
2025-09-09,535.0,536.1574137054121,-1.1574137054120683,-0.21633901035739594
2025-09-10,535.0,536.1345183943292,-1.134518394329234,-0.21205951295873532
2025-09-11,535.0,536.0212852808102,-1.0212852808101616,-0.19089444501124514
2025-09-12,535.0,535.8872635261273,-0.887263526127299,-0.16584364974342036
2025-09-13,535.0,535.7049939931669,-0.7049939931669087,-0.131774578162039
2025-09-14,535.0,535.4427449314423,-0.4427449314423484,-0.08275606195184082
2025-09-15,535.0,535.5470593106251,-0.547059310625059,-0.10225407675234746
2025-09-16,535.0,535.4750258242733,-0.47502582427330253,-0.0887898736959444
2025-09-17,535.0,535.4702457367911,-0.47024573679107107,-0.08789639940020019
2025-09-24,540.0,540.7067597664233,-0.7067597664232608,-0.13088143822652976
2025-09-25,540.0,540.9972386841673,-0.9972386841673142,-0.1846738304013545
2025-09-26,540.0,540.9749783606147,-0.9749783606147275,-0.18055154826198658
2025-09-27,540.0,541.2050345339965,-1.2050345339964679,-0.22315454333267926
2025-09-28,542.5,541.3918115408387,1.1081884591612834,0.2042743703523103
2025-09-29,542.5,542.6825194776669,-0.182519477666915,-0.033644143348740094
2025-09-30,542.5,543.2048162994245,-0.7048162994244649,-0.12992005519344976
2025-10-01,542.5,543.187964434005,-0.687964434005039,-0.12681372055392423
2025-10-02,542.5,543.4372410429941,-0.9372410429940601,-0.17276332589752258
2025-10-03,542.5,543.5725085793927,-1.072508579392661,-0.1976974339894306
2025-10-04,542.5,543.4048790454747,-0.9048790454746722,-0.16679798073265847
2025-10-05,545.0,543.105596819496,1.894403180504014,0.34759691385394753
2025-10-06,545.0,545.2295199581931,-0.22951995819312287,-0.042113753796903276
2025-10-07,547.5,545.3282274520288,2.171772547971159,0.3966707850175633
2025-10-08,547.5,547.476184584105,0.023815415895001024,0.004349847652054982
2025-10-09,547.5,548.1588996573051,-0.6588996573051418,-0.12034696937080215
2025-10-10,547.5,548.6216777710256,-1.1216777710255883,-0.20487265224211657
2025-10-11,547.5,548.616071814465,-1.1160718144650446,-0.20384873323562458
2025-10-12,547.5,548.617091704465,-1.1170917044649968,-0.20403501451415465
2025-10-13,547.5,548.7868406969448,-1.2868406969447506,-0.23503939670223756
2025-10-14,547.5,548.3813484503621,-0.8813484503621112,-0.16097688591088788
2025-10-15,547.5,548.3703759816739,-0.8703759816738739,-0.15897278204089021
2025-10-16,547.5,548.6157748259876,-1.1157748259876143,-0.20379448876486106
2025-10-17,547.5,548.6102602565614,-1.1102602565614461,-0.20278726147241025
2025-10-18,547.5,548.7559877653972,-1.255987765397208,-0.229404158063417
2025-10-19,547.5,548.4891729533266,-0.9891729533266016,-0.18067085905508706
2025-10-20,547.5,548.2264070805727,-0.7264070805726988,-0.13267709234204544
2025-10-21,547.5,548.224003211935,-0.7240032119350417,-0.13223802957717656
2025-11-03,550.0,550.9186248089951,-0.918624808995105,-0.16702269254456453
2025-11-04,550.0,550.9902256508789,-0.9902256508788696,-0.18004102743252173
2025-11-05,550.0,551.10211569868,-1.1021156986799951,-0.20038467248727185
2025-11-06,550.0,551.3717545917366,-1.3717545917365896,-0.24940992577028903
2025-11-07,550.0,551.3995930281178,-1.3995930281178062,-0.25447145965778295
2025-11-08,550.0,551.4044905041317,-1.4044905041316724,-0.25536190984212226
2025-11-09,550.0,551.4116216307486,-1.411621630748641,-0.25665847831793476
2025-11-10,550.0,551.3148764060064,-1.3148764060064195,-0.23906843745571263
2025-11-11,550.0,551.3045357395898,-1.3045357395898236,-0.23718831628905887
2025-11-12,550.0,551.2397366145558,-1.2397366145557953,-0.2254066571919628
2025-11-13,550.0,551.2997442867277,-1.2997442867276732,-0.23631714304139512
2025-11-14,550.0,551.3783633924578,-1.3783633924577998,-0.2506115259014181
2025-11-15,550.0,551.1662131804933,-1.166213180493287,-0.21203876008968853
2025-11-16,550.0,551.0942327920402,-1.0942327920402022,-0.1989514167345822
2025-11-18,552.5,553.1659977244352,-0.6659977244352149,-0.12054257455840992
2025-11-19,555.0,553.4409280608406,1.5590719391593666,0.2809138629115976
2025-11-20,555.0,555.4366740455324,-0.4366740455324134,-0.07868000820403845
2025-11-21,555.0,556.0102441726714,-1.0102441726713778,-0.1820259770579059
2025-11-22,555.0,556.2813967687918,-1.2813967687917511,-0.2308823006831984
2025-11-23,560.0,556.1265122390382,3.8734877609617797,0.6916942430288893
2025-11-24,560.0,560.1938188731626,-0.19381887316262691,-0.0346105130647548
2025-11-25,562.5,560.5167077490518,1.9832922509482387,0.35258528905746467
2025-11-26,563.5,561.9996723840555,1.5003276159444567,0.2662515733707998
2025-11-27,565.0,563.2217003329552,1.7782996670448483,0.31474330390174304
2025-11-28,565.0,564.8057422498163,0.1942577501837377,0.0343819026873872
2025-11-29,565.0,564.712171589178,0.28782841082204413,0.05094308156142374
2025-11-30,570.0,564.8007182103761,5.19928178962391,0.9121546999340193
2025-12-01,570.0,568.4609881344068,1.5390118655932383,0.27000208168302425
2025-12-02,570.0,568.8188520133291,1.1811479866709078,0.2072189450299838
2025-12-03,570.0,568.9073859040374,1.092614095962631,0.19168668350221593
2025-12-04,570.0,569.2296070820597,0.7703929179402849,0.1351566522702254
2025-12-05,570.0,569.2941259872249,0.705874012775098,0.12383754610089438
2025-12-06,570.0,569.213780834482,0.7862191655179913,0.13793318693298093
2025-12-07,570.0,569.2298733115412,0.7701266884588449,0.135109945343657
2025-12-08,567.5,569.2437530931176,-1.7437530931175615,-0.30726926750970246
2025-12-09,567.5,567.2335060802804,0.26649391971955083,0.04695928100785037
2025-12-10,567.5,567.0301820782086,0.46981792179144577,0.08278729899408736
2025-12-11,567.5,566.9113832263109,0.5886167736890684,0.10372101739014421
2025-12-12,567.5,566.7277919616527,0.772208038347344,0.13607190103036898
2025-12-13,567.5,566.7191399750366,0.780860024963431,0.13759648016976758
2025-12-14,562.5,566.8611957048688,-4.3611957048688055,-0.7753236808655654
2025-12-15,562.5,562.7262560341918,-0.22625603419180607,-0.04022329496743219
2025-12-16,562.5,562.3313138666826,0.16868613331735105,0.02998864592308463
2025-12-17,562.5,562.3628254571048,0.13717454289519537,0.02438658540359029
2025-12-18,562.5,562.2089517301711,0.2910482698289343,0.051741914636254986
2025-12-19,562.5,562.198223859445,0.30177614055503454,0.05364909165422836
2025-12-20,562.5,562.4694379509127,0.030562049087279775,0.005433253171071959
2025-12-21,562.5,562.2715265313752,0.22847346862477025,0.040617505533292485
2025-12-22,562.5,562.443244927688,0.05675507231194388,0.010089790633234468
2025-12-23,562.5,562.394895933359,0.10510406664104721,0.01868516740285284
2025-12-24,562.5,562.1227186064992,0.37728139350076617,0.06707224773346954
2025-12-25,560.0,562.0835666626376,-2.0835666626376224,-0.372065475471004
2025-12-26,560.0,560.262814743675,-0.26281474367499413,-0.04693120422767752
2025-12-27,560.0,560.0173429615857,-0.017342961585654848,-0.0030969574260097943
2025-12-28,560.0,560.1397594609912,-0.1397594609911721,-0.024957046605566444
2025-12-29,560.0,560.355237400033,-0.3552374000330474,-0.06343525000590132
2025-12-30,560.0,560.2052292876516,-0.20522928765160486,-0.036648087080643724
2025-12-31,560.0,560.4202324007543,-0.42023240075434387,-0.07504150013470426
2026-01-01,560.0,560.4740603937522,-0.474060393752211,-0.08465364174146625
2026-01-02,560.0,560.5669551609403,-0.5669551609403243,-0.10124199302505792
2026-01-03,560.0,560.7114787844486,-0.711478784448559,-0.12704978293724267
2026-01-04,560.0,560.8763000323321,-0.8763000323320966,-0.15648214863073154
2026-01-05,560.0,560.890085664719,-0.8900856647189812,-0.15894386869981805
2026-01-06,560.0,560.9084972576838,-0.9084972576838481,-0.16223165315783003
2026-01-07,562.5,560.6367505950033,1.8632494049967363,0.33124433866608644
2026-01-08,562.5,562.664465559164,-0.1644655591640003,-0.029238321629155607
2026-01-09,562.5,562.6906278053175,-0.19062780531749013,-0.033889387611998244
2026-01-10,562.5,562.6046843583595,-0.10468435835946366,-0.018610552597237984
2026-01-11,562.5,562.4936019123244,0.006398087675620445,0.0011374378089991904
2026-01-12,564.0,562.3161854559645,1.6838145440354992,0.29854867802047863
2026-01-13,564.0,563.3074033361872,0.6925966638127647,0.12280082691715688
2026-01-14,564.0,563.1523457476635,0.8476542523364969,0.15029330715186118
2026-01-15,564.0,563.1284817680096,0.8715182319904216,0.15452450921815986
2026-01-16,564.0,563.1448984243858,0.8551015756141851,0.15161375454152218
2026-01-17,564.0,563.2479218946951,0.7520781053049177,0.13334718179165206
2026-01-18,562.5,563.2130900124203,-0.7130900124202526,-0.12677155776360047
2026-01-19,560.0,561.9122908527619,-1.9122908527618847,-0.34148050942176517
