date,billet_cis_fob,billet_gcc_cfr,billet_saudi_exworks,coke_lvliang_china,coke_rizhao_china,coking_coal_australia,iron_ore_62fe,rebar_turkey_fob,rebar_uae_exworks,scrap_hms12_turkey
2023-12-01,494.0,497.5,540.6666666666666,308.00000000000006,340.20000000000005,328.9,133.53,587.5,2389.0,412.5
2023-12-02,494.0,497.5,540.6666666666666,308.00000000000006,340.20000000000005,328.9,133.53,587.5,2389.0,412.5
2023-12-03,494.0,497.5,540.6666666666666,308.00000000000006,340.20000000000005,328.9,133.53,587.5,2389.0,412.5
2023-12-04,494.0,497.5,540.6666666666666,308.00000000000006,340.20000000000005,328.9,129.47,587.5,2389.0,413.5
2023-12-05,494.0,497.5,540.6666666666666,308.00000000000006,340.20000000000005,328.9,129.73,592.5,2389.0,415.0
2023-12-06,494.0,497.5,540.6666666666666,308.00000000000006,340.20000000000005,328.9,133.64,595.0,2389.0,420.0
2023-12-07,494.0,497.5,540.6666666666666,308.00000000000006,340.20000000000005,328.9,136.2,600.0,2389.0,427.5
2023-12-08,501.5,497.5,540.6666666666666,308.00000000000006,337.40000000000003,332.75,136.49,605.0,2389.0,428.0
2023-12-09,501.5,497.5,540.6666666666666,308.00000000000006,337.40000000000003,332.75,136.49,605.0,2389.0,428.0
2023-12-10,501.5,497.5,540.6666666666666,308.00000000000006,337.40000000000003,332.75,136.49,605.0,2389.0,428.0
2023-12-11,501.5,497.5,540.6666666666666,308.00000000000006,337.40000000000003,332.75,135.39,607.5,2389.0,428.0
2023-12-12,501.5,497.5,540.6666666666666,308.00000000000006,337.40000000000003,332.75,137.59,607.5,2389.0,428.0
2023-12-13,501.5,497.5,540.6666666666666,308.00000000000006,337.40000000000003,332.75,135.87,607.5,2389.0,428.0
2023-12-14,501.5,497.5,540.6666666666666,308.00000000000006,337.40000000000003,332.75,135.74,607.5,2389.0,428.0
2023-12-15,512.5,512.5,536.0,322.00000000000006,336.00000000000006,304.87,135.62,607.5,2389.0,428.0
2023-12-16,512.5,512.5,536.0,322.00000000000006,336.00000000000006,304.87,135.62,607.5,2389.0,428.0
2023-12-17,512.5,512.5,536.0,322.00000000000006,336.00000000000006,304.87,135.62,607.5,2389.0,428.0
2023-12-18,512.5,512.5,536.0,322.00000000000006,336.00000000000006,304.87,134.49,607.5,2389.0,428.0
2023-12-19,512.5,512.5,536.0,322.00000000000006,336.00000000000006,304.87,134.62,605.0,2389.0,427.5
2023-12-20,512.5,512.5,536.0,322.00000000000006,336.00000000000006,304.87,134.96,603.5,2389.0,427.0
2023-12-21,512.5,512.5,536.0,322.00000000000006,336.00000000000006,304.87,137.29,602.5,2389.0,426.5
2023-12-22,512.5,505.0,533.3333333333334,322.00000000000006,334.6,324.45,139.26,600.0,2389.0,425.5
2023-12-23,512.5,505.0,533.3333333333334,322.00000000000006,334.6,324.45,139.26,600.0,2389.0,425.5
2023-12-24,512.5,505.0,533.3333333333334,322.00000000000006,334.6,324.45,139.26,600.0,2389.0,425.5
2023-12-25,512.5,505.0,533.3333333333334,322.00000000000006,334.6,324.45,139.26,597.5,2389.0,425.5
2023-12-26,512.5,505.0,533.3333333333334,322.00000000000006,334.6,324.45,140.5,597.5,2389.0,419.0
2023-12-27,512.5,505.0,533.3333333333334,322.00000000000006,334.6,324.45,140.95,595.0,2389.0,419.0
2023-12-28,512.5,505.0,533.3333333333334,322.00000000000006,334.6,324.45,137.68,592.5,2389.0,418.0
2023-12-29,502.5,520.0,538.6666666666666,322.00000000000006,327.6,316.68,137.92,592.5,2389.0,415.0
2023-12-30,502.5,520.0,538.6666666666666,322.00000000000006,327.6,316.68,137.92,592.5,2389.0,415.0
2023-12-31,502.5,520.0,538.6666666666666,322.00000000000006,327.6,316.68,137.92,592.5,2389.0,415.0
2024-01-01,502.5,520.0,538.6666666666666,322.00000000000006,327.6,316.68,137.92,592.5,2389.0,415.0
2024-01-02,502.5,520.0,538.6666666666666,322.00000000000006,327.6,316.68,143.72,592.5,2389.0,412.5
2024-01-03,502.5,520.0,538.6666666666666,322.00000000000006,327.6,316.68,144.47,597.5,2389.0,412.5
2024-01-04,502.5,520.0,538.6666666666666,322.00000000000006,327.6,316.68,143.16,600.0,2389.0,420.5
2024-01-05,502.5,517.5,534.0,308.00000000000006,326.20000000000005,328.53,140.34,600.0,2389.0,420.5
2024-01-06,502.5,517.5,534.0,308.00000000000006,326.20000000000005,328.53,140.34,600.0,2389.0,420.5
2024-01-07,502.5,517.5,534.0,308.00000000000006,326.20000000000005,328.53,140.34,600.0,2389.0,420.5
2024-01-08,502.5,517.5,534.0,308.00000000000006,326.20000000000005,328.53,139.91,605.0,2389.0,425.0
2024-01-09,502.5,517.5,534.0,308.00000000000006,326.20000000000005,328.53,139.51,607.5,2389.0,425.0
2024-01-10,502.5,517.5,534.0,308.00000000000006,326.20000000000005,328.53,135.07,612.5,2389.0,426.0
2024-01-11,502.5,517.5,534.0,308.00000000000006,326.20000000000005,328.53,136.99,612.5,2389.0,426.0
2024-01-12,506.0,520.5,530.6666666666666,294.0,319.20000000000005,333.7,132.56,612.5,2389.0,426.0
2024-01-13,506.0,520.5,530.6666666666666,294.0,319.20000000000005,333.7,132.56,612.5,2389.0,426.0
2024-01-14,506.0,520.5,530.6666666666666,294.0,319.20000000000005,333.7,132.56,612.5,2389.0,426.0
2024-01-15,506.0,520.5,530.6666666666666,294.0,319.20000000000005,333.7,129.87,612.5,2389.0,425.0
2024-01-16,506.0,520.5,530.6666666666666,294.0,319.20000000000005,333.7,130.77,612.5,2389.0,425.0
2024-01-17,506.0,520.5,530.6666666666666,294.0,319.20000000000005,333.7,128.48,610.0,2389.0,420.0
2024-01-18,506.0,520.5,530.6666666666666,294.0,319.20000000000005,333.7,131.59,610.0,2389.0,420.0
2024-01-19,510.0,514.0,535.3333333333334,294.0,320.6,333.06,131.25,610.0,2389.0,419.5
2024-01-20,510.0,514.0,535.3333333333334,294.0,320.6,333.06,131.25,610.0,2389.0,419.5
2024-01-21,510.0,514.0,535.3333333333334,294.0,320.6,333.06,131.25,610.0,2389.0,419.5
2024-01-22,510.0,514.0,535.3333333333334,294.0,320.6,333.06,130.17,610.0,2389.0,419.0
2024-01-23,510.0,514.0,535.3333333333334,294.0,320.6,333.06,132.62,610.0,2389.0,419.0
2024-01-24,510.0,514.0,535.3333333333334,294.0,320.6,333.06,136.22,610.0,2389.0,418.5
2024-01-25,510.0,514.0,535.3333333333334,294.0,320.6,333.06,136.72,615.0,2389.0,420.0
2024-01-26,510.0,514.0,533.3333333333334,294.0,322.00000000000006,331.31,136.21,615.0,2389.0,420.0
2024-01-27,510.0,514.0,533.3333333333334,294.0,322.00000000000006,331.31,136.21,615.0,2389.0,420.0
2024-01-28,510.0,514.0,533.3333333333334,294.0,322.00000000000006,331.31,136.21,615.0,2389.0,420.0
2024-01-29,510.0,514.0,533.3333333333334,294.0,322.00000000000006,331.31,137.61,615.0,2389.0,420.0
2024-01-30,510.0,514.0,533.3333333333334,294.0,322.00000000000006,331.31,135.6,615.0,2389.0,420.0
2024-01-31,510.0,514.0,533.3333333333334,294.0,322.00000000000006,331.31,132.63,615.0,2475.0,420.5
2024-02-01,510.0,514.0,533.3333333333334,294.0,322.00000000000006,331.31,133.51,615.0,2475.0,421.5
2024-02-02,515.5,520.0,539.3333333333334,294.0,312.20000000000005,320.29,126.26,615.0,2475.0,422.0
2024-02-03,515.5,520.0,539.3333333333334,294.0,312.20000000000005,320.29,126.26,615.0,2475.0,422.0
2024-02-04,515.5,520.0,539.3333333333334,294.0,312.20000000000005,320.29,126.26,615.0,2475.0,422.0
2024-02-05,515.5,520.0,539.3333333333334,294.0,312.20000000000005,320.29,128.99,615.0,2475.0,422.0
2024-02-06,515.5,520.0,539.3333333333334,294.0,312.20000000000005,320.29,126.55,615.0,2475.0,419.5
2024-02-07,515.5,520.0,539.3333333333334,294.0,312.20000000000005,320.29,126.21,615.0,2475.0,419.5
2024-02-08,515.5,520.0,539.3333333333334,294.0,312.20000000000005,320.29,127.18,615.0,2475.0,419.25
2024-02-09,520.0,527.5,544.0,294.0,312.20000000000005,314.86,127.03,612.5,2475.0,419.0
2024-02-10,520.0,527.5,544.0,294.0,312.20000000000005,314.86,127.03,612.5,2475.0,419.0
2024-02-11,520.0,527.5,544.0,294.0,312.20000000000005,314.86,127.03,612.5,2475.0,419.0
2024-02-12,520.0,527.5,544.0,294.0,312.20000000000005,314.86,127.57,612.5,2475.0,419.0
2024-02-13,520.0,527.5,544.0,294.0,312.20000000000005,314.86,128.07,612.5,2475.0,417.5
2024-02-14,520.0,527.5,544.0,294.0,312.20000000000005,314.86,128.67,610.0,2475.0,417.5
2024-02-15,520.0,527.5,544.0,294.0,312.20000000000005,314.86,128.79,610.0,2475.0,416.0
2024-02-16,515.0,534.0,546.0,294.0,312.20000000000005,314.65,129.54,610.0,2475.0,415.5
2024-02-17,515.0,534.0,546.0,294.0,312.20000000000005,314.65,129.54,610.0,2475.0,415.5
2024-02-18,515.0,534.0,546.0,294.0,312.20000000000005,314.65,129.54,610.0,2475.0,415.5
2024-02-19,515.0,534.0,546.0,294.0,312.20000000000005,314.65,127.26,607.5,2475.0,414.0
2024-02-20,515.0,534.0,546.0,294.0,312.20000000000005,314.65,123.06,607.5,2475.0,413.5
2024-02-21,515.0,534.0,546.0,294.0,312.20000000000005,314.65,121.41,605.0,2475.0,413.5
2024-02-22,515.0,534.0,546.0,294.0,312.20000000000005,314.65,121.84,605.0,2475.0,411.5
2024-02-23,515.0,516.5,550.0,280.0,305.20000000000005,314.59,121.63,605.0,2475.0,405.5
2024-02-24,515.0,516.5,550.0,280.0,305.20000000000005,314.59,121.63,605.0,2475.0,405.5
2024-02-25,515.0,516.5,550.0,280.0,305.20000000000005,314.59,121.63,605.0,2475.0,405.5
2024-02-26,515.0,516.5,550.0,280.0,305.20000000000005,314.59,117.1,602.5,2475.0,405.0
2024-02-27,515.0,516.5,550.0,280.0,305.20000000000005,314.59,119.79,602.5,2475.0,404.0
2024-02-28,515.0,516.5,550.0,280.0,305.20000000000005,314.59,118.23,598.0,2475.0,395.0
2024-02-29,515.0,516.5,550.0,280.0,305.20000000000005,314.59,118.52,594.0,2545.0,395.0
2024-03-01,505.0,532.5,546.6666666666666,266.0,303.8,305.47,115.84,592.5,2545.0,390.5
2024-03-02,505.0,532.5,546.6666666666666,266.0,303.8,305.47,115.84,592.5,2545.0,390.5
2024-03-03,505.0,532.5,546.6666666666666,266.0,303.8,305.47,115.84,592.5,2545.0,390.5
2024-03-04,505.0,532.5,546.6666666666666,266.0,303.8,305.47,117.7,590.0,2545.0,383.5
2024-03-05,505.0,532.5,546.6666666666666,266.0,303.8,305.47,117.57,590.0,2545.0,383.5
2024-03-06,505.0,532.5,546.6666666666666,266.0,303.8,305.47,115.71,587.5,2545.0,376.0
2024-03-07,505.0,532.5,546.6666666666666,266.0,303.8,305.47,118.86,590.0,2545.0,378.0
2024-03-08,500.0,523.5,544.6666666666666,266.0,294.0,298.66,116.6,590.0,2545.0,378.0
2024-03-09,500.0,523.5,544.6666666666666,266.0,294.0,298.66,116.6,590.0,2545.0,378.0
2024-03-10,500.0,523.5,544.6666666666666,266.0,294.0,298.66,116.6,590.0,2545.0,378.0
2024-03-11,500.0,523.5,544.6666666666666,266.0,294.0,298.66,109.03,587.5,2545.0,378.0
2024-03-12,500.0,523.5,544.6666666666666,266.0,294.0,298.66,111.0,587.5,2545.0,380.0
2024-03-13,500.0,523.5,544.6666666666666,266.0,294.0,298.66,107.78,587.5,2545.0,380.0
2024-03-14,500.0,523.5,544.6666666666666,266.0,294.0,298.66,105.43,587.5,2545.0,379.0
2024-03-15,495.0,519.0,547.3333333333334,252.00000000000003,277.20000000000005,265.18,105.1,585.0,2545.0,379.0
2024-03-16,495.0,519.0,547.3333333333334,252.00000000000003,277.20000000000005,265.18,105.1,585.0,2545.0,379.0
2024-03-17,495.0,519.0,547.3333333333334,252.00000000000003,277.20000000000005,265.18,105.1,585.0,2545.0,379.0
2024-03-18,495.0,519.0,547.3333333333334,252.00000000000003,277.20000000000005,265.18,104.58,585.0,2545.0,378.5
2024-03-19,495.0,519.0,547.3333333333334,252.00000000000003,277.20000000000005,265.18,109.19,585.0,2545.0,379.0
2024-03-20,495.0,519.0,547.3333333333334,252.00000000000003,277.20000000000005,265.18,107.75,587.5,2545.0,380.0
2024-03-21,495.0,519.0,547.3333333333334,252.00000000000003,277.20000000000005,265.18,110.71,590.0,2545.0,382.0
2024-03-22,495.0,520.0,545.3333333333334,238.00000000000003,268.8,245.22,109.38,592.5,2545.0,382.5
2024-03-23,495.0,520.0,545.3333333333334,238.00000000000003,268.8,245.22,109.38,592.5,2545.0,382.5
2024-03-24,495.0,520.0,545.3333333333334,238.00000000000003,268.8,245.22,109.38,592.5,2545.0,382.5
2024-03-25,495.0,520.0,545.3333333333334,238.00000000000003,268.8,245.22,109.5,595.0,2545.0,384.5
2024-03-26,495.0,520.0,545.3333333333334,238.00000000000003,268.8,245.22,105.81,595.0,2545.0,390.0
2024-03-27,495.0,520.0,545.3333333333334,238.00000000000003,268.8,245.22,102.32,595.0,2545.0,389.0
2024-03-28,495.0,520.0,545.3333333333334,238.00000000000003,268.8,245.22,103.51,595.0,2545.0,389.0
2024-03-29,497.5,517.5,541.3333333333334,224.00000000000003,254.8,244.74,103.74,595.0,2537.5,388.5
2024-03-30,497.5,517.5,541.3333333333334,224.00000000000003,254.8,244.74,103.74,595.0,2537.5,388.5
2024-03-31,497.5,517.5,541.3333333333334,224.00000000000003,254.8,244.74,103.74,595.0,2537.5,388.5
2024-04-01,497.5,517.5,541.3333333333334,224.00000000000003,254.8,244.74,102.18,595.0,2537.5,388.5
2024-04-02,497.5,517.5,541.3333333333334,224.00000000000003,254.8,244.74,103.5,595.0,2537.5,389.0
2024-04-03,497.5,517.5,541.3333333333334,224.00000000000003,254.8,244.74,98.35,595.0,2537.5,389.0
2024-04-04,497.5,517.5,541.3333333333334,224.00000000000003,254.8,244.74,97.93,592.5,2537.5,384.0
2024-04-05,496.0,509.0,544.0,224.00000000000003,254.8,229.22,98.25,590.0,2537.5,384.0
2024-04-06,496.0,509.0,544.0,224.00000000000003,254.8,229.22,98.25,590.0,2537.5,384.0
2024-04-07,496.0,509.0,544.0,224.00000000000003,254.8,229.22,98.25,590.0,2537.5,384.0
2024-04-08,496.0,509.0,544.0,224.00000000000003,254.8,229.22,103.89,590.0,2537.5,384.0
2024-04-09,496.0,509.0,544.0,224.00000000000003,254.8,229.22,108.03,590.0,2537.5,384.0
2024-04-10,496.0,509.0,544.0,224.00000000000003,254.8,229.22,107.53,590.0,2537.5,384.0
2024-04-11,496.0,509.0,544.0,224.00000000000003,254.8,229.22,107.51,590.0,2537.5,384.0
2024-04-12,496.0,512.5,530.6666666666666,210.00000000000003,259.0,228.83,111.31,590.0,2537.5,384.0
2024-04-13,496.0,512.5,530.6666666666666,210.00000000000003,259.0,228.83,111.31,590.0,2537.5,384.0
2024-04-14,496.0,512.5,530.6666666666666,210.00000000000003,259.0,228.83,111.31,590.0,2537.5,384.0
2024-04-15,496.0,512.5,530.6666666666666,210.00000000000003,259.0,228.83,111.19,590.0,2537.5,384.0
2024-04-16,496.0,512.5,530.6666666666666,210.00000000000003,259.0,228.83,109.86,589.0,2537.5,383.5
2024-04-17,496.0,512.5,530.6666666666666,210.00000000000003,259.0,228.83,115.29,587.5,2537.5,383.5
2024-04-18,496.0,512.5,530.6666666666666,210.00000000000003,259.0,228.83,115.82,587.5,2537.5,384.0
2024-04-19,493.5,512.5,530.6666666666666,224.00000000000003,277.20000000000005,266.2,115.29,585.0,2537.5,384.5
2024-04-20,493.5,512.5,530.6666666666666,224.00000000000003,277.20000000000005,266.2,115.29,585.0,2537.5,384.5
2024-04-21,493.5,512.5,530.6666666666666,224.00000000000003,277.20000000000005,266.2,115.29,585.0,2537.5,384.5
2024-04-22,493.5,512.5,530.6666666666666,224.00000000000003,277.20000000000005,266.2,115.66,585.0,2537.5,384.0
2024-04-23,493.5,512.5,530.6666666666666,224.00000000000003,277.20000000000005,266.2,112.41,587.5,2537.5,386.75
2024-04-24,493.5,512.5,530.6666666666666,224.00000000000003,277.20000000000005,266.2,117.66,587.5,2537.5,386.75
2024-04-25,493.5,512.5,530.6666666666666,224.00000000000003,277.20000000000005,266.2,117.55,587.5,2537.5,386.75
2024-04-26,495.0,517.5,538.6666666666666,238.00000000000003,284.20000000000005,248.96,116.68,587.5,2537.5,386.5
2024-04-27,495.0,517.5,538.6666666666666,238.00000000000003,284.20000000000005,248.96,116.68,587.5,2537.5,386.5
2024-04-28,495.0,517.5,538.6666666666666,238.00000000000003,284.20000000000005,248.96,116.68,587.5,2537.5,386.5
2024-04-29,495.0,517.5,538.6666666666666,238.00000000000003,284.20000000000005,248.96,115.83,585.0,2537.5,384.5
2024-04-30,495.0,517.5,538.6666666666666,238.00000000000003,284.20000000000005,248.96,115.54,585.0,2485.0,384.5
2024-05-01,495.0,517.5,538.6666666666666,238.00000000000003,284.20000000000005,248.96,113.39,585.0,2485.0,384.5
2024-05-02,495.0,517.5,538.6666666666666,238.00000000000003,284.20000000000005,248.96,117.09,585.0,2485.0,384.5
2024-05-03,495.0,522.5,530.6666666666666,259.0,284.20000000000005,247.49,117.09,585.0,2485.0,383.0
2024-05-04,495.0,522.5,530.6666666666666,259.0,284.20000000000005,247.49,117.09,585.0,2485.0,383.0
2024-05-05,495.0,522.5,530.6666666666666,259.0,284.20000000000005,247.49,117.09,585.0,2485.0,383.0
2024-05-06,495.0,522.5,530.6666666666666,259.0,284.20000000000005,247.49,119.5,585.0,2485.0,383.0
2024-05-07,495.0,522.5,530.6666666666666,259.0,284.20000000000005,247.49,118.34,585.0,2485.0,383.0
2024-05-08,495.0,522.5,530.6666666666666,259.0,284.20000000000005,247.49,115.77,584.0,2485.0,382.5
2024-05-09,495.0,522.5,530.6666666666666,259.0,284.20000000000005,247.49,115.92,584.0,2485.0,381.0
2024-05-10,497.0,507.5,537.3333333333334,266.0,273.0,251.73,116.49,582.5,2485.0,380.0
2024-05-11,497.0,507.5,537.3333333333334,266.0,273.0,251.73,116.49,582.5,2485.0,380.0
2024-05-12,497.0,507.5,537.3333333333334,266.0,273.0,251.73,116.49,582.5,2485.0,380.0
2024-05-13,497.0,507.5,537.3333333333334,266.0,273.0,251.73,116.77,582.5,2485.0,380.0
2024-05-14,497.0,507.5,537.3333333333334,266.0,273.0,251.73,114.11,582.5,2485.0,380.0
2024-05-15,497.0,507.5,537.3333333333334,266.0,273.0,251.73,114.7,580.0,2485.0,380.0
2024-05-16,497.0,507.5,537.3333333333334,266.0,273.0,251.73,117.31,577.5,2485.0,380.0
2024-05-17,500.0,500.0,538.6666666666666,266.0,274.40000000000003,247.22,118.53,577.5,2485.0,380.5
2024-05-18,500.0,500.0,538.6666666666666,266.0,274.40000000000003,247.22,118.53,577.5,2485.0,380.5
2024-05-19,500.0,500.0,538.6666666666666,266.0,274.40000000000003,247.22,118.53,577.5,2485.0,380.5
2024-05-20,500.0,500.0,538.6666666666666,266.0,274.40000000000003,247.22,119.14,577.5,2485.0,380.0
2024-05-21,500.0,500.0,538.6666666666666,266.0,274.40000000000003,247.22,119.18,577.5,2485.0,380.0
2024-05-22,500.0,500.0,538.6666666666666,266.0,274.40000000000003,247.22,119.44,575.0,2485.0,379.5
2024-05-23,500.0,500.0,538.6666666666666,266.0,274.40000000000003,247.22,119.88,575.0,2485.0,378.75
2024-05-24,497.5,492.5,538.6666666666666,252.00000000000003,284.20000000000005,251.02,121.54,575.0,2485.0,378.75
2024-05-25,497.5,492.5,538.6666666666666,252.00000000000003,284.20000000000005,251.02,121.54,575.0,2485.0,378.75
2024-05-26,497.5,492.5,538.6666666666666,252.00000000000003,284.20000000000005,251.02,121.54,575.0,2485.0,378.75
2024-05-27,497.5,492.5,538.6666666666666,252.00000000000003,284.20000000000005,251.02,119.14,575.0,2485.0,378.75
2024-05-28,497.5,492.5,538.6666666666666,252.00000000000003,284.20000000000005,251.02,118.11,575.0,2485.0,378.75
2024-05-29,497.5,492.5,538.6666666666666,252.00000000000003,284.20000000000005,251.02,119.24,575.0,2485.0,378.75
2024-05-30,497.5,492.5,538.6666666666666,252.00000000000003,284.20000000000005,251.02,116.11,577.5,2485.0,380.0
2024-05-31,497.5,513.5,537.3333333333334,252.00000000000003,280.0,249.86,116.11,577.5,2452.5,380.0
2024-06-01,497.5,513.5,537.3333333333334,252.00000000000003,280.0,249.86,116.11,577.5,2452.5,380.0
2024-06-02,497.5,513.5,537.3333333333334,252.00000000000003,280.0,249.86,116.11,577.5,2452.5,380.0
2024-06-03,497.5,513.5,537.3333333333334,252.00000000000003,280.0,249.86,109.89,577.5,2452.5,379.5
2024-06-04,497.5,513.5,537.3333333333334,252.00000000000003,280.0,249.86,107.69,577.5,2452.5,379.5
2024-06-05,497.5,513.5,537.3333333333334,252.00000000000003,280.0,249.86,107.96,577.5,2452.5,379.5
2024-06-06,497.5,513.5,537.3333333333334,252.00000000000003,280.0,249.86,108.92,577.5,2452.5,383.5
2024-06-07,499.0,513.5,542.6666666666666,252.00000000000003,275.8,253.49,109.25,577.5,2452.5,384.5
2024-06-08,499.0,513.5,542.6666666666666,252.00000000000003,275.8,253.49,109.25,577.5,2452.5,384.5
2024-06-09,499.0,513.5,542.6666666666666,252.00000000000003,275.8,253.49,109.25,577.5,2452.5,384.5
2024-06-10,499.0,513.5,542.6666666666666,252.00000000000003,275.8,253.49,108.67,577.5,2452.5,384.5
2024-06-11,499.0,513.5,542.6666666666666,252.00000000000003,275.8,253.49,104.23,577.5,2452.5,384.5
2024-06-12,499.0,513.5,542.6666666666666,252.00000000000003,275.8,253.49,105.12,575.0,2452.5,384.0
2024-06-13,499.0,513.5,542.6666666666666,252.00000000000003,275.8,253.49,106.59,577.5,2452.5,386.0
2024-06-14,499.0,511.5,550.6666666666666,252.00000000000003,275.8,257.77,107.38,577.5,2452.5,386.0
2024-06-15,499.0,511.5,550.6666666666666,252.00000000000003,275.8,257.77,107.38,577.5,2452.5,386.0
2024-06-16,499.0,511.5,550.6666666666666,252.00000000000003,275.8,257.77,107.38,577.5,2452.5,386.0
2024-06-17,499.0,511.5,550.6666666666666,252.00000000000003,275.8,257.77,105.85,577.5,2452.5,386.0
2024-06-18,499.0,511.5,550.6666666666666,252.00000000000003,275.8,257.77,106.69,577.5,2452.5,386.0
2024-06-19,499.0,511.5,550.6666666666666,252.00000000000003,275.8,257.77,107.78,577.5,2452.5,386.0
2024-06-20,499.0,511.5,550.6666666666666,252.00000000000003,275.8,257.77,107.66,577.5,2452.5,386.0
2024-06-21,497.5,506.5,546.0,245.00000000000003,271.6,236.61,105.98,577.5,2452.5,386.0
2024-06-22,497.5,506.5,546.0,245.00000000000003,271.6,236.61,105.98,577.5,2452.5,386.0
2024-06-23,497.5,506.5,546.0,245.00000000000003,271.6,236.61,105.98,577.5,2452.5,386.0
2024-06-24,497.5,506.5,546.0,245.00000000000003,271.6,236.61,104.09,577.5,2452.5,386.0
2024-06-25,497.5,506.5,546.0,245.00000000000003,271.6,236.61,104.06,577.5,2452.5,386.0
2024-06-26,497.5,506.5,546.0,245.00000000000003,271.6,236.61,107.25,577.5,2452.5,389.0
2024-06-27,497.5,506.5,546.0,245.00000000000003,271.6,236.61,107.0,577.5,2452.5,389.5
2024-06-28,494.0,505.0,546.0,252.00000000000003,273.0,236.24,106.65,577.5,2254.5,389.5
2024-06-29,494.0,505.0,546.0,252.00000000000003,273.0,236.24,106.65,577.5,2254.5,389.5
2024-06-30,494.0,505.0,546.0,252.00000000000003,273.0,236.24,106.65,577.5,2254.5,389.5
2024-07-01,494.0,505.0,546.0,252.00000000000003,273.0,236.24,110.17,577.5,2254.5,389.5
2024-07-02,494.0,505.0,546.0,252.00000000000003,273.0,236.24,110.85,577.5,2254.5,389.5
2024-07-03,494.0,505.0,546.0,252.00000000000003,273.0,236.24,113.47,577.5,2254.5,388.75
2024-07-04,494.0,505.0,546.0,252.00000000000003,273.0,236.24,113.82,580.0,2254.5,390.0
2024-07-05,490.5,507.0,548.0,252.00000000000003,284.20000000000005,255.19,112.92,580.0,2254.5,390.0
2024-07-06,490.5,507.0,548.0,252.00000000000003,284.20000000000005,255.19,112.92,580.0,2254.5,390.0
2024-07-07,490.5,507.0,548.0,252.00000000000003,284.20000000000005,255.19,112.92,580.0,2254.5,390.0
2024-07-08,490.5,507.0,548.0,252.00000000000003,284.20000000000005,255.19,108.5,580.0,2254.5,390.0
2024-07-09,490.5,507.0,548.0,252.00000000000003,284.20000000000005,255.19,110.07,580.0,2254.5,390.0
2024-07-10,490.5,507.0,548.0,252.00000000000003,284.20000000000005,255.19,105.39,580.0,2254.5,389.5
2024-07-11,490.5,507.0,548.0,252.00000000000003,284.20000000000005,255.19,107.62,577.5,2254.5,389.5
2024-07-12,490.5,507.5,552.0,252.00000000000003,278.6,253.42,107.53,577.5,2254.5,390.0
2024-07-13,490.5,507.5,552.0,252.00000000000003,278.6,253.42,107.53,577.5,2254.5,390.0
2024-07-14,490.5,507.5,552.0,252.00000000000003,278.6,253.42,107.53,577.5,2254.5,390.0
2024-07-15,490.5,507.5,552.0,252.00000000000003,278.6,253.42,109.18,577.5,2254.5,390.0
2024-07-16,490.5,507.5,552.0,252.00000000000003,278.6,253.42,109.66,577.5,2254.5,390.0
2024-07-17,490.5,507.5,552.0,252.00000000000003,278.6,253.42,106.19,577.5,2254.5,390.0
2024-07-18,490.5,507.5,552.0,252.00000000000003,278.6,253.42,106.25,577.5,2254.5,390.0
2024-07-19,490.5,500.0,548.6666666666666,252.00000000000003,277.20000000000005,218.69,105.57,577.5,2254.5,390.0
2024-07-20,490.5,500.0,548.6666666666666,252.00000000000003,277.20000000000005,218.69,105.57,577.5,2254.5,390.0
2024-07-21,490.5,500.0,548.6666666666666,252.00000000000003,277.20000000000005,218.69,105.57,577.5,2254.5,390.0
2024-07-22,490.5,500.0,548.6666666666666,252.00000000000003,277.20000000000005,218.69,104.24,577.5,2254.5,390.0
2024-07-23,490.5,500.0,548.6666666666666,252.00000000000003,277.20000000000005,218.69,101.86,577.5,2254.5,389.5
2024-07-24,490.5,500.0,548.6666666666666,252.00000000000003,277.20000000000005,218.69,102.12,577.5,2254.5,389.5
2024-07-25,490.5,500.0,548.6666666666666,252.00000000000003,277.20000000000005,218.69,101.09,577.5,2254.5,389.0
2024-07-26,490.5,499.5,549.3333333333334,252.00000000000003,263.20000000000005,212.08,103.19,577.5,2254.5,388.5
2024-07-27,490.5,499.5,549.3333333333334,252.00000000000003,263.20000000000005,212.08,103.19,577.5,2254.5,388.5
2024-07-28,490.5,499.5,549.3333333333334,252.00000000000003,263.20000000000005,212.08,103.19,577.5,2254.5,388.5
2024-07-29,490.5,499.5,549.3333333333334,252.00000000000003,263.20000000000005,212.08,102.64,577.5,2254.5,388.25
2024-07-30,490.5,499.5,549.3333333333334,252.00000000000003,263.20000000000005,212.08,97.82,578.5,2254.5,388.5
2024-07-31,490.5,499.5,549.3333333333334,252.00000000000003,263.20000000000005,212.08,102.0,578.5,2197.5,388.5
2024-08-01,490.5,499.5,549.3333333333334,252.00000000000003,263.20000000000005,212.08,104.03,578.5,2197.5,388.0
2024-08-02,489.0,490.0,550.6666666666666,245.00000000000003,256.20000000000005,216.41,104.21,578.5,2197.5,386.5
2024-08-03,489.0,490.0,550.6666666666666,245.00000000000003,256.20000000000005,216.41,104.21,578.5,2197.5,386.5
2024-08-04,489.0,490.0,550.6666666666666,245.00000000000003,256.20000000000005,216.41,104.21,578.5,2197.5,386.5
2024-08-05,489.0,490.0,550.6666666666666,245.00000000000003,256.20000000000005,216.41,104.55,578.5,2197.5,386.5
2024-08-06,489.0,490.0,550.6666666666666,245.00000000000003,256.20000000000005,216.41,102.23,576.5,2197.5,386.5
2024-08-07,489.0,490.0,550.6666666666666,245.00000000000003,256.20000000000005,216.41,101.43,575.0,2197.5,381.5
2024-08-08,489.0,490.0,550.6666666666666,245.00000000000003,256.20000000000005,216.41,100.49,575.0,2197.5,381.0
2024-08-09,485.0,487.5,552.0,238.00000000000003,249.20000000000002,205.27,100.91,572.5,2197.5,378.5
2024-08-10,485.0,487.5,552.0,238.00000000000003,249.20000000000002,205.27,100.91,572.5,2197.5,378.5
2024-08-11,485.0,487.5,552.0,238.00000000000003,249.20000000000002,205.27,100.91,572.5,2197.5,378.5
2024-08-12,485.0,487.5,552.0,238.00000000000003,249.20000000000002,205.27,99.9,572.5,2197.5,377.5
2024-08-13,485.0,487.5,552.0,238.00000000000003,249.20000000000002,205.27,98.35,570.0,2197.5,374.0
2024-08-14,485.0,487.5,552.0,238.00000000000003,249.20000000000002,205.27,96.41,570.0,2197.5,374.0
2024-08-15,485.0,487.5,552.0,238.00000000000003,249.20000000000002,205.27,94.14,570.0,2197.5,372.5
2024-08-16,482.5,467.5,554.6666666666666,227.50000000000003,236.60000000000002,207.85,93.67,570.0,2197.5,370.0
2024-08-17,482.5,467.5,554.6666666666666,227.50000000000003,236.60000000000002,207.85,93.67,570.0,2197.5,370.0
2024-08-18,482.5,467.5,554.6666666666666,227.50000000000003,236.60000000000002,207.85,93.67,570.0,2197.5,370.0
2024-08-19,482.5,467.5,554.6666666666666,227.50000000000003,236.60000000000002,207.85,95.97,570.0,2197.5,370.0
2024-08-20,482.5,467.5,554.6666666666666,227.50000000000003,236.60000000000002,207.85,95.25,567.5,2197.5,363.0
2024-08-21,482.5,467.5,554.6666666666666,227.50000000000003,236.60000000000002,207.85,99.19,565.0,2197.5,360.0
2024-08-22,482.5,467.5,554.6666666666666,227.50000000000003,236.60000000000002,207.85,97.7,565.0,2197.5,360.0
2024-08-23,480.0,482.5,548.0,210.00000000000003,236.60000000000002,200.84,97.51,565.0,2197.5,360.0
2024-08-24,480.0,482.5,548.0,210.00000000000003,236.60000000000002,200.84,97.51,565.0,2197.5,360.0
2024-08-25,480.0,482.5,548.0,210.00000000000003,236.60000000000002,200.84,97.51,565.0,2197.5,360.0
2024-08-26,480.0,482.5,548.0,210.00000000000003,236.60000000000002,200.84,100.54,565.0,2197.5,360.0
2024-08-27,480.0,482.5,548.0,210.00000000000003,236.60000000000002,200.84,101.51,570.0,2197.5,363.0
2024-08-28,480.0,482.5,548.0,210.00000000000003,236.60000000000002,200.84,101.11,572.5,2197.5,363.5
2024-08-29,480.0,482.5,548.0,210.00000000000003,236.60000000000002,200.84,101.65,575.0,2197.5,363.5
2024-08-30,479.0,490.0,542.0,203.00000000000003,243.60000000000002,205.13,101.34,575.0,2152.5,363.5
2024-08-31,479.0,490.0,542.0,203.00000000000003,243.60000000000002,205.13,101.34,575.0,2152.5,363.5
2024-09-01,479.0,490.0,542.0,203.00000000000003,243.60000000000002,205.13,101.34,575.0,2152.5,363.5
2024-09-02,479.0,490.0,542.0,203.00000000000003,243.60000000000002,205.13,96.9,575.0,2152.5,363.5
2024-09-03,479.0,490.0,542.0,203.00000000000003,243.60000000000002,205.13,92.79,575.0,2152.5,363.5
2024-09-04,479.0,490.0,542.0,203.00000000000003,243.60000000000002,205.13,93.12,575.0,2152.5,370.0
2024-09-05,479.0,490.0,542.0,203.00000000000003,243.60000000000002,205.13,91.46,580.0,2152.5,370.0
2024-09-06,479.0,482.5,532.0,203.00000000000003,226.8,177.93,92.12,580.0,2152.5,370.0
2024-09-07,479.0,482.5,532.0,203.00000000000003,226.8,177.93,92.12,580.0,2152.5,370.0
2024-09-08,479.0,482.5,532.0,203.00000000000003,226.8,177.93,92.12,580.0,2152.5,370.0
2024-09-09,479.0,482.5,532.0,203.00000000000003,226.8,177.93,92.48,580.0,2152.5,370.0
2024-09-10,479.0,482.5,532.0,203.00000000000003,226.8,177.93,91.14,580.0,2152.5,370.0
2024-09-11,479.0,482.5,532.0,203.00000000000003,226.8,177.93,93.11,580.0,2152.5,370.0
2024-09-12,479.0,482.5,532.0,203.00000000000003,226.8,177.93,95.08,580.0,2152.5,370.0
2024-09-13,479.0,467.5,538.6666666666666,196.00000000000003,231.00000000000003,182.3,93.32,580.0,2152.5,370.0
2024-09-14,479.0,467.5,538.6666666666666,196.00000000000003,231.00000000000003,182.3,93.32,580.0,2152.5,370.0
2024-09-15,479.0,467.5,538.6666666666666,196.00000000000003,231.00000000000003,182.3,93.32,580.0,2152.5,370.0
2024-09-16,479.0,467.5,538.6666666666666,196.00000000000003,231.00000000000003,182.3,92.93,580.0,2152.5,370.0
2024-09-17,479.0,467.5,538.6666666666666,196.00000000000003,231.00000000000003,182.3,92.94,580.0,2152.5,369.5
2024-09-18,479.0,467.5,538.6666666666666,196.00000000000003,231.00000000000003,182.3,91.64,580.0,2152.5,369.5
2024-09-19,479.0,467.5,538.6666666666666,196.00000000000003,231.00000000000003,182.3,93.25,582.5,2152.5,369.5
2024-09-20,467.5,462.5,526.6666666666666,203.00000000000003,236.60000000000002,187.08,91.63,585.0,2152.5,367.0
2024-09-21,467.5,462.5,526.6666666666666,203.00000000000003,236.60000000000002,187.08,91.63,585.0,2152.5,367.0
2024-09-22,467.5,462.5,526.6666666666666,203.00000000000003,236.60000000000002,187.08,91.63,585.0,2152.5,367.0
2024-09-23,467.5,462.5,526.6666666666666,203.00000000000003,236.60000000000002,187.08,90.02,582.5,2152.5,366.0
2024-09-24,467.5,462.5,526.6666666666666,203.00000000000003,236.60000000000002,187.08,95.08,585.0,2152.5,368.0
2024-09-25,467.5,462.5,526.6666666666666,203.00000000000003,236.60000000000002,187.08,96.42,585.0,2152.5,368.0
2024-09-26,467.5,462.5,526.6666666666666,203.00000000000003,236.60000000000002,187.08,98.43,585.0,2152.5,368.0
2024-09-27,460.0,476.0,525.3333333333334,210.00000000000003,243.60000000000002,206.79,98.69,585.0,2152.5,368.0
2024-09-28,460.0,476.0,525.3333333333334,210.00000000000003,243.60000000000002,206.79,98.69,585.0,2152.5,368.0
2024-09-29,460.0,476.0,525.3333333333334,210.00000000000003,243.60000000000002,206.79,98.69,585.0,2152.5,368.0
2024-09-30,460.0,476.0,525.3333333333334,210.00000000000003,243.60000000000002,206.79,100.3,585.0,2240.0,369.0
2024-10-01,460.0,476.0,525.3333333333334,210.00000000000003,243.60000000000002,206.79,108.68,587.5,2240.0,373.5
2024-10-02,460.0,476.0,525.3333333333334,210.00000000000003,243.60000000000002,206.79,108.62,595.0,2240.0,377.0
2024-10-03,460.0,476.0,525.3333333333334,210.00000000000003,243.60000000000002,206.79,109.03,600.0,2240.0,385.0
2024-10-04,470.0,482.5,516.0,210.00000000000003,243.60000000000002,203.76,108.77,600.0,2240.0,386.0
2024-10-05,470.0,482.5,516.0,210.00000000000003,243.60000000000002,203.76,108.77,600.0,2240.0,386.0
2024-10-06,470.0,482.5,516.0,210.00000000000003,243.60000000000002,203.76,108.77,600.0,2240.0,386.0
2024-10-07,470.0,482.5,516.0,210.00000000000003,243.60000000000002,203.76,110.09,600.0,2240.0,386.0
2024-10-08,470.0,482.5,516.0,210.00000000000003,243.60000000000002,203.76,105.36,600.0,2240.0,386.0
2024-10-09,470.0,482.5,516.0,210.00000000000003,243.60000000000002,203.76,106.0,605.0,2240.0,388.0
2024-10-10,470.0,482.5,516.0,210.00000000000003,243.60000000000002,203.76,105.55,605.0,2240.0,386.5
2024-10-11,477.5,482.5,517.3333333333334,231.00000000000003,254.8,212.02,106.71,605.0,2240.0,382.5
2024-10-12,477.5,482.5,517.3333333333334,231.00000000000003,254.8,212.02,106.71,605.0,2240.0,382.5
2024-10-13,477.5,482.5,517.3333333333334,231.00000000000003,254.8,212.02,106.71,605.0,2240.0,382.5
2024-10-14,477.5,482.5,517.3333333333334,231.00000000000003,254.8,212.02,107.0,605.0,2240.0,382.5
2024-10-15,477.5,482.5,517.3333333333334,231.00000000000003,254.8,212.02,105.95,600.0,2240.0,379.5
2024-10-16,477.5,482.5,517.3333333333334,231.00000000000003,254.8,212.02,105.4,597.5,2240.0,378.5
2024-10-17,477.5,482.5,517.3333333333334,231.00000000000003,254.8,212.02,101.83,595.0,2240.0,374.5
2024-10-18,482.5,487.5,519.3333333333334,238.00000000000003,252.00000000000003,204.83,102.31,595.0,2240.0,372.5
2024-10-19,482.5,487.5,519.3333333333334,238.00000000000003,252.00000000000003,204.83,102.31,595.0,2240.0,372.5
2024-10-20,482.5,487.5,519.3333333333334,238.00000000000003,252.00000000000003,204.83,102.31,595.0,2240.0,372.5
2024-10-21,482.5,487.5,519.3333333333334,238.00000000000003,252.00000000000003,204.83,102.37,595.0,2240.0,371.5
2024-10-22,482.5,487.5,519.3333333333334,238.00000000000003,252.00000000000003,204.83,103.63,592.5,2240.0,371.5
2024-10-23,482.5,487.5,519.3333333333334,238.00000000000003,252.00000000000003,204.83,103.21,592.5,2240.0,371.5
2024-10-24,482.5,487.5,519.3333333333334,238.00000000000003,252.00000000000003,204.83,100.91,587.5,2240.0,365.0
2024-10-25,480.0,494.0,519.3333333333334,231.00000000000003,246.40000000000003,200.65,101.72,592.5,2240.0,364.0
2024-10-26,480.0,494.0,519.3333333333334,231.00000000000003,246.40000000000003,200.65,101.72,592.5,2240.0,364.0
2024-10-27,480.0,494.0,519.3333333333334,231.00000000000003,246.40000000000003,200.65,101.72,592.5,2240.0,364.0
2024-10-28,480.0,494.0,519.3333333333334,231.00000000000003,246.40000000000003,200.65,104.8,591.0,2240.0,362.0
2024-10-29,480.0,494.0,519.3333333333334,231.00000000000003,246.40000000000003,200.65,104.01,591.0,2240.0,362.0
2024-10-30,480.0,494.0,519.3333333333334,231.00000000000003,246.40000000000003,200.65,105.34,591.0,2240.0,362.0
2024-10-31,480.0,494.0,519.3333333333334,231.00000000000003,246.40000000000003,200.65,105.1,590.0,2221.5,363.0
2024-11-01,472.5,497.5,525.3333333333334,231.00000000000003,246.40000000000003,205.9,102.85,590.0,2221.5,363.0
2024-11-02,472.5,497.5,525.3333333333334,231.00000000000003,246.40000000000003,205.9,102.85,590.0,2221.5,363.0
2024-11-03,472.5,497.5,525.3333333333334,231.00000000000003,246.40000000000003,205.9,102.85,590.0,2221.5,363.0
2024-11-04,472.5,497.5,525.3333333333334,231.00000000000003,246.40000000000003,205.9,106.0,590.0,2221.5,364.0
2024-11-05,472.5,497.5,525.3333333333334,231.00000000000003,246.40000000000003,205.9,105.21,590.0,2221.5,364.5
2024-11-06,472.5,497.5,525.3333333333334,231.00000000000003,246.40000000000003,205.9,106.26,587.5,2221.5,364.5
2024-11-07,472.5,497.5,525.3333333333334,231.00000000000003,246.40000000000003,205.9,106.41,587.5,2221.5,364.5
2024-11-08,467.5,480.0,540.0,224.00000000000003,245.00000000000003,208.31,105.38,587.5,2221.5,362.5
2024-11-09,467.5,480.0,540.0,224.00000000000003,245.00000000000003,208.31,105.38,587.5,2221.5,362.5
2024-11-10,467.5,480.0,540.0,224.00000000000003,245.00000000000003,208.31,105.38,587.5,2221.5,362.5
2024-11-11,467.5,480.0,540.0,224.00000000000003,245.00000000000003,208.31,103.21,587.5,2221.5,362.0
2024-11-12,467.5,480.0,540.0,224.00000000000003,245.00000000000003,208.31,103.41,585.0,2221.5,362.0
2024-11-13,467.5,480.0,540.0,224.00000000000003,245.00000000000003,208.31,102.49,582.5,2221.5,360.5
2024-11-14,467.5,480.0,540.0,224.00000000000003,245.00000000000003,208.31,101.96,582.5,2221.5,358.0
2024-11-15,467.5,485.0,540.0,224.00000000000003,235.20000000000002,205.92,98.67,580.0,2221.5,356.0
2024-11-16,467.5,485.0,540.0,224.00000000000003,235.20000000000002,205.92,98.67,580.0,2221.5,356.0
2024-11-17,467.5,485.0,540.0,224.00000000000003,235.20000000000002,205.92,98.67,580.0,2221.5,356.0
2024-11-18,467.5,485.0,540.0,224.00000000000003,235.20000000000002,205.92,100.32,580.0,2221.5,355.5
2024-11-19,467.5,485.0,540.0,224.00000000000003,235.20000000000002,205.92,103.15,577.5,2221.5,353.0
2024-11-20,467.5,485.0,540.0,224.00000000000003,235.20000000000002,205.92,102.93,575.0,2221.5,346.0
2024-11-21,467.5,485.0,540.0,224.00000000000003,235.20000000000002,205.92,102.95,572.5,2221.5,345.0
2024-11-22,460.0,487.5,548.0,217.00000000000003,233.8,205.24,104.13,570.0,2221.5,344.5
2024-11-23,460.0,487.5,548.0,217.00000000000003,233.8,205.24,104.13,570.0,2221.5,344.5
2024-11-24,460.0,487.5,548.0,217.00000000000003,233.8,205.24,104.13,570.0,2221.5,344.5
2024-11-25,460.0,487.5,548.0,217.00000000000003,233.8,205.24,104.99,570.0,2221.5,344.5
2024-11-26,460.0,487.5,548.0,217.00000000000003,233.8,205.24,102.97,570.0,2221.5,343.5
2024-11-27,460.0,487.5,548.0,217.00000000000003,233.8,205.24,103.95,567.5,2221.5,343.5
2024-11-28,460.0,487.5,548.0,217.00000000000003,233.8,205.24,104.01,567.5,2221.5,342.0
2024-11-29,449.0,475.0,548.0,217.00000000000003,233.8,205.05,105.03,567.5,2260.0,338.5
2024-11-30,449.0,475.0,548.0,217.00000000000003,233.8,205.05,105.03,567.5,2260.0,338.5
2024-12-01,449.0,475.0,548.0,217.00000000000003,233.8,205.05,105.03,567.5,2260.0,338.5
2024-12-02,449.0,475.0,548.0,217.00000000000003,233.8,205.05,105.88,567.5,2260.0,338.5
2024-12-03,449.0,475.0,548.0,217.00000000000003,233.8,205.05,106.42,565.0,2260.0,338.0
2024-12-04,449.0,475.0,548.0,217.00000000000003,233.8,205.05,106.6,562.5,2260.0,338.0
2024-12-05,449.0,475.0,548.0,217.00000000000003,233.8,205.05,105.11,562.5,2260.0,338.0
2024-12-06,445.0,470.0,550.6666666666666,217.00000000000003,229.60000000000002,202.78,108.33,562.5,2260.0,338.0
2024-12-07,445.0,470.0,550.6666666666666,217.00000000000003,229.60000000000002,202.78,108.33,562.5,2260.0,338.0
2024-12-08,445.0,470.0,550.6666666666666,217.00000000000003,229.60000000000002,202.78,108.33,562.5,2260.0,338.0
2024-12-09,445.0,470.0,550.6666666666666,217.00000000000003,229.60000000000002,202.78,106.65,562.5,2260.0,338.0
2024-12-10,445.0,470.0,550.6666666666666,217.00000000000003,229.60000000000002,202.78,106.66,562.5,2260.0,345.5
2024-12-11,445.0,470.0,550.6666666666666,217.00000000000003,229.60000000000002,202.78,106.17,562.5,2260.0,345.5
2024-12-12,445.0,470.0,550.6666666666666,217.00000000000003,229.60000000000002,202.78,107.71,565.0,2260.0,346.5
2024-12-13,445.0,472.5,553.3333333333334,210.00000000000003,229.60000000000002,211.29,105.81,567.5,2260.0,347.25
2024-12-14,445.0,472.5,553.3333333333334,210.00000000000003,229.60000000000002,211.29,105.81,567.5,2260.0,347.25
2024-12-15,445.0,472.5,553.3333333333334,210.00000000000003,229.60000000000002,211.29,105.81,567.5,2260.0,347.25
2024-12-16,445.0,472.5,553.3333333333334,210.00000000000003,229.60000000000002,211.29,105.91,570.0,2260.0,354.0
2024-12-17,445.0,472.5,553.3333333333334,210.00000000000003,229.60000000000002,211.29,107.34,570.0,2260.0,354.0
2024-12-18,445.0,472.5,553.3333333333334,210.00000000000003,229.60000000000002,211.29,104.03,570.0,2260.0,352.5
2024-12-19,445.0,472.5,553.3333333333334,210.00000000000003,229.60000000000002,211.29,103.06,570.0,2260.0,352.5
2024-12-20,447.5,477.5,545.3333333333334,210.00000000000003,226.8,204.38,102.93,567.5,2260.0,351.0
2024-12-21,447.5,477.5,545.3333333333334,210.00000000000003,226.8,204.38,102.93,567.5,2260.0,351.0
2024-12-22,447.5,477.5,545.3333333333334,210.00000000000003,226.8,204.38,102.93,567.5,2260.0,351.0
2024-12-23,447.5,477.5,545.3333333333334,210.00000000000003,226.8,204.38,106.51,567.5,2260.0,350.0
2024-12-24,447.5,477.5,545.3333333333334,210.00000000000003,226.8,204.38,105.99,567.5,2260.0,350.0
2024-12-25,447.5,477.5,545.3333333333334,210.00000000000003,226.8,204.38,105.49,567.5,2260.0,350.0
2024-12-26,447.5,477.5,545.3333333333334,210.00000000000003,226.8,204.38,102.15,565.0,2260.0,350.0
2024-12-27,447.5,471.5,547.3333333333334,203.00000000000003,226.8,199.41,99.94,562.5,2260.0,349.0
2024-12-28,447.5,471.5,547.3333333333334,203.00000000000003,226.8,199.41,99.94,562.5,2260.0,349.0
2024-12-29,447.5,471.5,547.3333333333334,203.00000000000003,226.8,199.41,99.94,562.5,2260.0,349.0
2024-12-30,447.5,471.5,547.3333333333334,203.00000000000003,226.8,199.41,101.95,560.0,2260.0,349.0
2024-12-31,447.5,471.5,547.3333333333334,203.00000000000003,226.8,199.41,104.83,560.0,2330.0,349.0
2025-01-01,447.5,471.5,547.3333333333334,203.00000000000003,226.8,199.41,104.83,560.0,2330.0,349.0
2025-01-02,447.5,471.5,547.3333333333334,203.00000000000003,226.8,199.41,101.48,560.0,2330.0,348.5
2025-01-03,443.0,454.0,516.6666666666666,203.00000000000003,224.00000000000003,202.32,99.07,557.5,2330.0,347.5
2025-01-04,443.0,454.0,516.6666666666666,203.00000000000003,224.00000000000003,202.32,99.07,557.5,2330.0,347.5
2025-01-05,443.0,454.0,516.6666666666666,203.00000000000003,224.00000000000003,202.32,99.07,557.5,2330.0,347.5
2025-01-06,443.0,454.0,516.6666666666666,203.00000000000003,224.00000000000003,202.32,96.9,557.5,2330.0,346.0
2025-01-07,443.0,454.0,516.6666666666666,203.00000000000003,224.00000000000003,202.32,97.48,555.0,2330.0,344.5
2025-01-08,443.0,454.0,516.6666666666666,203.00000000000003,224.00000000000003,202.32,97.48,555.0,2330.0,343.0
2025-01-09,443.0,454.0,516.6666666666666,203.00000000000003,224.00000000000003,202.32,97.67,555.0,2330.0,343.0
2025-01-10,441.5,462.5,554.6666666666666,196.00000000000003,221.20000000000002,194.7,97.75,555.0,2330.0,342.0
2025-01-11,441.5,462.5,554.6666666666666,196.00000000000003,221.20000000000002,194.7,97.75,555.0,2330.0,342.0
2025-01-12,441.5,462.5,554.6666666666666,196.00000000000003,221.20000000000002,194.7,97.75,555.0,2330.0,342.0
2025-01-13,441.5,462.5,554.6666666666666,196.00000000000003,221.20000000000002,194.7,99.1,555.0,2330.0,337.5
2025-01-14,441.5,462.5,554.6666666666666,196.00000000000003,221.20000000000002,194.7,100.35,555.0,2330.0,337.5
2025-01-15,441.5,462.5,554.6666666666666,196.00000000000003,221.20000000000002,194.7,100.53,552.5,2330.0,334.5
2025-01-16,441.5,462.5,554.6666666666666,196.00000000000003,221.20000000000002,194.7,102.3,552.5,2330.0,334.5
2025-01-17,435.0,457.5,554.6666666666666,196.00000000000003,219.8,190.24,102.37,552.5,2330.0,334.5
2025-01-18,435.0,457.5,554.6666666666666,196.00000000000003,219.8,190.24,102.37,552.5,2330.0,334.5
2025-01-19,435.0,457.5,554.6666666666666,196.00000000000003,219.8,190.24,102.37,552.5,2330.0,334.5
2025-01-20,435.0,457.5,554.6666666666666,196.00000000000003,219.8,190.24,102.3,550.0,2330.0,334.5
2025-01-21,435.0,457.5,554.6666666666666,196.00000000000003,219.8,190.24,102.47,550.0,2330.0,336.0
2025-01-22,435.0,457.5,554.6666666666666,196.00000000000003,219.8,190.24,102.16,550.0,2330.0,337.5
2025-01-23,435.0,457.5,554.6666666666666,196.00000000000003,219.8,190.24,102.19,552.5,2330.0,337.5
2025-01-24,435.0,460.0,554.6666666666666,189.00000000000003,214.20000000000002,189.62,104.51,552.5,2330.0,341.5
2025-01-25,435.0,460.0,554.6666666666666,189.00000000000003,214.20000000000002,189.62,104.51,552.5,2330.0,341.5
2025-01-26,435.0,460.0,554.6666666666666,189.00000000000003,214.20000000000002,189.62,104.51,552.5,2330.0,341.5
2025-01-27,435.0,460.0,554.6666666666666,189.00000000000003,214.20000000000002,189.62,104.22,552.5,2330.0,341.5
2025-01-28,435.0,460.0,554.6666666666666,189.00000000000003,214.20000000000002,189.62,103.98,552.5,2330.0,342.5
2025-01-29,435.0,460.0,554.6666666666666,189.00000000000003,214.20000000000002,189.62,104.04,555.0,2330.0,349.0
2025-01-30,435.0,460.0,554.6666666666666,189.00000000000003,214.20000000000002,189.62,104.15,562.5,2330.0,349.0
2025-01-31,435.0,459.5,553.3333333333334,189.00000000000003,214.20000000000002,189.6,104.34,562.5,2325.0,349.0
2025-02-01,435.0,459.5,553.3333333333334,189.00000000000003,214.20000000000002,189.6,104.34,562.5,2325.0,349.0
2025-02-02,435.0,459.5,553.3333333333334,189.00000000000003,214.20000000000002,189.6,104.34,562.5,2325.0,349.0
2025-02-03,435.0,459.5,553.3333333333334,189.00000000000003,214.20000000000002,189.6,105.27,562.5,2325.0,349.5
2025-02-04,435.0,459.5,553.3333333333334,189.00000000000003,214.20000000000002,189.6,106.02,562.5,2325.0,350.5
2025-02-05,435.0,459.5,553.3333333333334,189.00000000000003,214.20000000000002,189.6,104.61,565.0,2325.0,353.5
2025-02-06,435.0,459.5,553.3333333333334,189.00000000000003,214.20000000000002,189.6,105.25,565.0,2325.0,355.0
2025-02-07,432.5,460.0,554.6666666666666,189.00000000000003,215.60000000000002,186.57,105.59,560.0,2325.0,355.0
2025-02-08,432.5,460.0,554.6666666666666,189.00000000000003,215.60000000000002,186.57,105.59,560.0,2325.0,355.0
2025-02-09,432.5,460.0,554.6666666666666,189.00000000000003,215.60000000000002,186.57,105.59,560.0,2325.0,355.0
2025-02-10,432.5,460.0,554.6666666666666,189.00000000000003,215.60000000000002,186.57,106.12,560.0,2325.0,355.0
2025-02-11,432.5,460.0,554.6666666666666,189.00000000000003,215.60000000000002,186.57,105.82,560.0,2325.0,355.0
2025-02-12,432.5,460.0,554.6666666666666,189.00000000000003,215.60000000000002,186.57,107.01,560.0,2325.0,357.5
2025-02-13,432.5,460.0,554.6666666666666,189.00000000000003,215.60000000000002,186.57,106.21,560.0,2325.0,359.0
2025-02-14,435.0,462.5,549.3333333333334,182.00000000000003,210.00000000000003,191.33,105.99,562.5,2325.0,359.0
2025-02-15,435.0,462.5,549.3333333333334,182.00000000000003,210.00000000000003,191.33,105.99,562.5,2325.0,359.0
2025-02-16,435.0,462.5,549.3333333333334,182.00000000000003,210.00000000000003,191.33,105.99,562.5,2325.0,359.0
2025-02-17,435.0,462.5,549.3333333333334,182.00000000000003,210.00000000000003,191.33,105.62,562.5,2325.0,357.5
2025-02-18,435.0,462.5,549.3333333333334,182.00000000000003,210.00000000000003,191.33,107.0,562.5,2325.0,357.5
2025-02-19,435.0,462.5,549.3333333333334,182.00000000000003,210.00000000000003,191.33,106.98,562.5,2325.0,358.5
2025-02-20,435.0,462.5,549.3333333333334,182.00000000000003,210.00000000000003,191.33,108.36,562.5,2325.0,359.0
2025-02-21,440.0,463.5,546.6666666666666,175.00000000000003,208.60000000000002,188.64,108.28,562.5,2325.0,359.0
2025-02-22,440.0,463.5,546.6666666666666,175.00000000000003,208.60000000000002,188.64,108.28,562.5,2325.0,359.0
2025-02-23,440.0,463.5,546.6666666666666,175.00000000000003,208.60000000000002,188.64,108.28,562.5,2325.0,359.0
2025-02-24,440.0,463.5,546.6666666666666,175.00000000000003,208.60000000000002,188.64,108.2,562.5,2325.0,362.5
2025-02-25,440.0,463.5,546.6666666666666,175.00000000000003,208.60000000000002,188.64,106.61,562.5,2325.0,362.5
2025-02-26,440.0,463.5,546.6666666666666,175.00000000000003,208.60000000000002,188.64,106.82,565.0,2325.0,362.5
2025-02-27,440.0,463.5,546.6666666666666,175.00000000000003,208.60000000000002,188.64,105.7,565.0,2325.0,362.5
2025-02-28,435.0,463.0,549.3333333333334,168.00000000000003,200.20000000000002,188.18,105.37,565.0,2330.0,362.5
2025-03-01,435.0,463.0,549.3333333333334,168.00000000000003,200.20000000000002,188.18,105.37,565.0,2330.0,362.5
2025-03-02,435.0,463.0,549.3333333333334,168.00000000000003,200.20000000000002,188.18,105.37,565.0,2330.0,362.5
2025-03-03,435.0,463.0,549.3333333333334,168.00000000000003,200.20000000000002,188.18,100.82,562.5,2330.0,363.5
2025-03-04,435.0,463.0,549.3333333333334,168.00000000000003,200.20000000000002,188.18,101.44,562.5,2330.0,365.5
2025-03-05,435.0,463.0,549.3333333333334,168.00000000000003,200.20000000000002,188.18,100.1,562.5,2330.0,365.5
2025-03-06,435.0,463.0,549.3333333333334,168.00000000000003,200.20000000000002,188.18,100.37,565.0,2330.0,373.5
2025-03-07,437.5,459.0,538.0,168.00000000000003,193.20000000000002,182.99,101.51,565.0,2330.0,376.0
2025-03-08,437.5,459.0,538.0,168.00000000000003,193.20000000000002,182.99,101.51,565.0,2330.0,376.0
2025-03-09,437.5,459.0,538.0,168.00000000000003,193.20000000000002,182.99,101.51,565.0,2330.0,376.0
2025-03-10,437.5,459.0,538.0,168.00000000000003,193.20000000000002,182.99,100.99,565.0,2330.0,376.0
2025-03-11,437.5,459.0,538.0,168.00000000000003,193.20000000000002,182.99,101.15,567.5,2330.0,376.0
2025-03-12,437.5,459.0,538.0,168.00000000000003,193.20000000000002,182.99,102.82,570.0,2330.0,376.0
2025-03-13,437.5,459.0,538.0,168.00000000000003,193.20000000000002,182.99,102.65,572.5,2330.0,380.0
2025-03-14,445.0,457.5,533.3333333333334,161.00000000000003,191.8,177.51,102.98,575.0,2330.0,380.5
2025-03-15,445.0,457.5,533.3333333333334,161.00000000000003,191.8,177.51,102.98,575.0,2330.0,380.5
2025-03-16,445.0,457.5,533.3333333333334,161.00000000000003,191.8,177.51,102.98,575.0,2330.0,380.5
2025-03-17,445.0,457.5,533.3333333333334,161.00000000000003,191.8,177.51,102.33,575.0,2330.0,381.0
2025-03-18,445.0,457.5,533.3333333333334,161.00000000000003,191.8,177.51,103.82,575.0,2330.0,381.0
2025-03-19,445.0,457.5,533.3333333333334,161.00000000000003,191.8,177.51,101.41,575.0,2330.0,381.0
2025-03-20,445.0,457.5,533.3333333333334,161.00000000000003,191.8,177.51,101.79,575.0,2330.0,381.0
2025-03-21,445.0,457.5,533.3333333333334,161.00000000000003,189.00000000000003,166.23,101.65,575.0,2330.0,381.0
2025-03-22,445.0,457.5,533.3333333333334,161.00000000000003,189.00000000000003,166.23,101.65,575.0,2330.0,381.0
2025-03-23,445.0,457.5,533.3333333333334,161.00000000000003,189.00000000000003,166.23,101.65,575.0,2330.0,381.0
2025-03-24,445.0,457.5,533.3333333333334,161.00000000000003,189.00000000000003,166.23,102.29,575.0,2330.0,380.5
2025-03-25,445.0,457.5,533.3333333333334,161.00000000000003,189.00000000000003,166.23,101.68,572.5,2330.0,380.5
2025-03-26,445.0,457.5,533.3333333333334,161.00000000000003,189.00000000000003,166.23,103.58,572.5,2330.0,380.5
2025-03-27,445.0,457.5,533.3333333333334,161.00000000000003,189.00000000000003,166.23,103.59,572.5,2330.0,380.0
2025-03-28,447.5,460.5,533.3333333333334,161.00000000000003,189.00000000000003,167.69,103.47,572.5,2330.0,380.75
2025-03-29,447.5,460.5,533.3333333333334,161.00000000000003,189.00000000000003,167.69,103.47,572.5,2330.0,380.75
2025-03-30,447.5,460.5,533.3333333333334,161.00000000000003,189.00000000000003,167.69,103.47,572.5,2330.0,380.75
2025-03-31,447.5,460.5,533.3333333333334,161.00000000000003,189.00000000000003,167.69,102.63,572.5,2315.0,380.75
2025-04-01,447.5,460.5,533.3333333333334,161.00000000000003,189.00000000000003,167.69,104.21,572.5,2315.0,380.75
2025-04-02,447.5,460.5,533.3333333333334,161.00000000000003,189.00000000000003,167.69,104.12,572.5,2315.0,380.75
2025-04-03,447.5,460.5,533.3333333333334,161.00000000000003,189.00000000000003,167.69,101.87,572.5,2315.0,380.0
2025-04-04,448.5,457.5,529.3333333333334,161.00000000000003,191.8,175.42,101.69,568.5,2315.0,378.0
2025-04-05,448.5,457.5,529.3333333333334,161.00000000000003,191.8,175.42,101.69,568.5,2315.0,378.0
2025-04-06,448.5,457.5,529.3333333333334,161.00000000000003,191.8,175.42,101.69,568.5,2315.0,378.0
2025-04-07,448.5,457.5,529.3333333333334,161.00000000000003,191.8,175.42,100.8,566.0,2315.0,378.0
2025-04-08,448.5,457.5,529.3333333333334,161.00000000000003,191.8,175.42,95.97,565.0,2315.0,376.5
2025-04-09,448.5,457.5,529.3333333333334,161.00000000000003,191.8,175.42,95.06,562.5,2315.0,372.5
2025-04-10,448.5,457.5,529.3333333333334,161.00000000000003,191.8,175.42,98.19,560.0,2315.0,366.0
2025-04-11,447.5,448.5,526.6666666666666,161.00000000000003,186.20000000000002,181.61,98.32,558.5,2315.0,358.0
2025-04-12,447.5,448.5,526.6666666666666,161.00000000000003,186.20000000000002,181.61,98.32,558.5,2315.0,358.0
2025-04-13,447.5,448.5,526.6666666666666,161.00000000000003,186.20000000000002,181.61,98.32,558.5,2315.0,358.0
2025-04-14,447.5,448.5,526.6666666666666,161.00000000000003,186.20000000000002,181.61,98.46,556.0,2315.0,358.0
2025-04-15,447.5,448.5,526.6666666666666,161.00000000000003,186.20000000000002,181.61,99.89,555.0,2315.0,357.0
2025-04-16,447.5,448.5,526.6666666666666,161.00000000000003,186.20000000000002,181.61,99.14,552.5,2315.0,347.5
2025-04-17,447.5,448.5,526.6666666666666,161.00000000000003,186.20000000000002,181.61,99.13,550.0,2315.0,347.5
2025-04-18,441.5,449.5,524.0,168.00000000000003,187.60000000000002,190.01,99.01,545.0,2315.0,331.5
2025-04-19,441.5,449.5,524.0,168.00000000000003,187.60000000000002,190.01,99.01,545.0,2315.0,331.5
2025-04-20,441.5,449.5,524.0,168.00000000000003,187.60000000000002,190.01,99.01,545.0,2315.0,331.5
2025-04-21,441.5,449.5,524.0,168.00000000000003,187.60000000000002,190.01,99.52,537.5,2315.0,331.5
2025-04-22,441.5,449.5,524.0,168.00000000000003,187.60000000000002,190.01,99.14,537.5,2315.0,325.0
2025-04-23,441.5,449.5,524.0,168.00000000000003,187.60000000000002,190.01,99.44,537.5,2315.0,325.0
2025-04-24,441.5,449.5,524.0,168.00000000000003,187.60000000000002,190.01,99.88,537.5,2315.0,325.0
2025-04-25,433.5,447.0,523.3333333333334,168.00000000000003,189.00000000000003,195.25,99.05,537.5,2315.0,325.0
2025-04-26,433.5,447.0,523.3333333333334,168.00000000000003,189.00000000000003,195.25,99.05,537.5,2315.0,325.0
2025-04-27,433.5,447.0,523.3333333333334,168.00000000000003,189.00000000000003,195.25,99.05,537.5,2315.0,325.0
2025-04-28,433.5,447.0,523.3333333333334,168.00000000000003,189.00000000000003,195.25,99.14,537.5,2315.0,326.0
2025-04-29,433.5,447.0,523.3333333333334,168.00000000000003,189.00000000000003,195.25,98.94,537.5,2315.0,328.5
2025-04-30,433.5,447.0,523.3333333333334,168.00000000000003,189.00000000000003,195.25,97.7,540.0,2300.0,330.0
2025-05-01,433.5,447.0,523.3333333333334,168.00000000000003,189.00000000000003,195.25,97.17,540.0,2300.0,330.0
2025-05-02,436.5,444.5,512.0,168.00000000000003,186.20000000000002,198.44,97.37,540.0,2300.0,330.0
2025-05-03,436.5,444.5,512.0,168.00000000000003,186.20000000000002,198.44,97.37,540.0,2300.0,330.0
2025-05-04,436.5,444.5,512.0,168.00000000000003,186.20000000000002,198.44,97.37,540.0,2300.0,330.0
2025-05-05,436.5,444.5,512.0,168.00000000000003,186.20000000000002,198.44,97.76,540.0,2300.0,332.5
2025-05-06,436.5,444.5,512.0,168.00000000000003,186.20000000000002,198.44,98.74,545.0,2300.0,338.0
2025-05-07,436.5,444.5,512.0,168.00000000000003,186.20000000000002,198.44,99.45,545.0,2300.0,338.5
2025-05-08,436.5,444.5,512.0,168.00000000000003,186.20000000000002,198.44,99.66,545.0,2300.0,337.5
2025-05-09,436.5,451.0,512.0,168.00000000000003,183.4,199.92,99.56,547.5,2300.0,340.0
2025-05-10,436.5,451.0,512.0,168.00000000000003,183.4,199.92,99.56,547.5,2300.0,340.0
2025-05-11,436.5,451.0,512.0,168.00000000000003,183.4,199.92,99.56,547.5,2300.0,340.0
2025-05-12,436.5,451.0,512.0,168.00000000000003,183.4,199.92,100.32,550.0,2300.0,341.5
2025-05-13,436.5,451.0,512.0,168.00000000000003,183.4,199.92,99.97,550.0,2300.0,341.5
2025-05-14,436.5,451.0,512.0,168.00000000000003,183.4,199.92,100.59,550.0,2300.0,343.5
2025-05-15,436.5,451.0,512.0,168.00000000000003,183.4,199.92,101.11,552.5,2300.0,347.5
2025-05-16,436.5,455.0,502.6666666666667,161.00000000000003,180.60000000000002,193.88,102.24,552.5,2300.0,347.0
2025-05-17,436.5,455.0,502.6666666666667,161.00000000000003,180.60000000000002,193.88,102.24,552.5,2300.0,347.0
2025-05-18,436.5,455.0,502.6666666666667,161.00000000000003,180.60000000000002,193.88,102.24,552.5,2300.0,347.0
2025-05-19,436.5,455.0,502.6666666666667,161.00000000000003,180.60000000000002,193.88,101.87,552.5,2300.0,347.0
2025-05-20,436.5,455.0,502.6666666666667,161.00000000000003,180.60000000000002,193.88,101.25,552.5,2300.0,347.0
2025-05-21,436.5,455.0,502.6666666666667,161.00000000000003,180.60000000000002,193.88,100.19,552.5,2300.0,346.5
2025-05-22,436.5,455.0,502.6666666666667,161.00000000000003,180.60000000000002,193.88,97.62,552.5,2300.0,347.0
2025-05-23,432.5,453.0,498.6666666666667,161.00000000000003,179.20000000000002,193.76,96.88,552.5,2300.0,346.5
2025-05-24,432.5,453.0,498.6666666666667,161.00000000000003,179.20000000000002,193.76,96.88,552.5,2300.0,346.5
2025-05-25,432.5,453.0,498.6666666666667,161.00000000000003,179.20000000000002,193.76,96.88,552.5,2300.0,346.5
2025-05-26,432.5,453.0,498.6666666666667,161.00000000000003,179.20000000000002,193.76,97.08,552.5,2300.0,346.5
2025-05-27,432.5,453.0,498.6666666666667,161.00000000000003,179.20000000000002,193.76,94.8,552.5,2300.0,346.0
2025-05-28,432.5,453.0,498.6666666666667,161.00000000000003,179.20000000000002,193.76,96.43,550.0,2300.0,346.0
2025-05-29,432.5,453.0,498.6666666666667,161.00000000000003,179.20000000000002,193.76,96.57,547.5,2300.0,346.0
2025-05-30,432.5,454.5,500.0,154.00000000000003,170.8,193.96,96.66,547.5,2280.0,344.0
2025-05-31,432.5,454.5,500.0,154.00000000000003,170.8,193.96,96.66,547.5,2280.0,344.0
2025-06-01,432.5,454.5,500.0,154.00000000000003,170.8,193.96,96.66,547.5,2280.0,344.0
2025-06-02,432.5,454.5,500.0,154.00000000000003,170.8,193.96,94.33,545.0,2280.0,340.5
2025-06-03,432.5,454.5,500.0,154.00000000000003,170.8,193.96,93.47,545.0,2280.0,339.0
2025-06-04,432.5,454.5,500.0,154.00000000000003,170.8,193.96,96.06,545.0,2280.0,339.0
2025-06-05,432.5,454.5,500.0,154.00000000000003,170.8,193.96,93.78,545.0,2280.0,339.0
2025-06-06,435.0,453.0,503.3333333333333,144.20000000000002,163.8,188.81,94.75,545.0,2280.0,339.0
2025-06-07,435.0,453.0,503.3333333333333,144.20000000000002,163.8,188.81,94.75,545.0,2280.0,339.0
2025-06-08,435.0,453.0,503.3333333333333,144.20000000000002,163.8,188.81,94.75,545.0,2280.0,339.0
2025-06-09,435.0,453.0,503.3333333333333,144.20000000000002,163.8,188.81,94.72,545.0,2280.0,339.0
2025-06-10,435.0,453.0,503.3333333333333,144.20000000000002,163.8,188.81,93.3,545.0,2280.0,340.0
2025-06-11,435.0,453.0,503.3333333333333,144.20000000000002,163.8,188.81,94.82,545.0,2280.0,340.0
2025-06-12,435.0,453.0,503.3333333333333,144.20000000000002,163.8,188.81,94.81,545.0,2280.0,340.0
2025-06-13,432.5,450.0,502.6666666666667,144.20000000000002,165.20000000000002,184.97,94.75,545.0,2280.0,341.0
2025-06-14,432.5,450.0,502.6666666666667,144.20000000000002,165.20000000000002,184.97,94.75,545.0,2280.0,341.0
2025-06-15,432.5,450.0,502.6666666666667,144.20000000000002,165.20000000000002,184.97,94.75,545.0,2280.0,341.0
2025-06-16,432.5,450.0,502.6666666666667,144.20000000000002,165.20000000000002,184.97,92.89,545.0,2280.0,341.0
2025-06-17,432.5,450.0,502.6666666666667,144.20000000000002,165.20000000000002,184.97,92.36,542.5,2280.0,339.5
2025-06-18,432.5,450.0,502.6666666666667,144.20000000000002,165.20000000000002,184.97,92.02,542.5,2280.0,341.5
2025-06-19,432.5,450.0,502.6666666666667,144.20000000000002,165.20000000000002,184.97,93.34,542.5,2280.0,341.5
2025-06-20,435.0,458.0,501.3333333333333,144.20000000000002,161.00000000000003,176.23,93.59,542.5,2280.0,341.5
2025-06-21,435.0,458.0,501.3333333333333,144.20000000000002,161.00000000000003,176.23,93.59,542.5,2280.0,341.5
2025-06-22,435.0,458.0,501.3333333333333,144.20000000000002,161.00000000000003,176.23,93.59,542.5,2280.0,341.5
2025-06-23,435.0,458.0,501.3333333333333,144.20000000000002,161.00000000000003,176.23,93.75,540.0,2280.0,343.5
2025-06-24,435.0,458.0,501.3333333333333,144.20000000000002,161.00000000000003,176.23,92.31,540.0,2280.0,343.5
2025-06-25,435.0,458.0,501.3333333333333,144.20000000000002,161.00000000000003,176.23,92.37,540.0,2280.0,343.5
2025-06-26,435.0,458.0,501.3333333333333,144.20000000000002,161.00000000000003,176.23,93.67,537.5,2280.0,343.5
2025-06-27,435.0,451.0,501.3333333333333,137.20000000000002,163.8,175.89,93.76,540.0,2280.0,345.0
2025-06-28,435.0,451.0,501.3333333333333,137.20000000000002,163.8,175.89,93.76,540.0,2280.0,345.0
2025-06-29,435.0,451.0,501.3333333333333,137.20000000000002,163.8,175.89,93.76,540.0,2280.0,345.0
2025-06-30,435.0,451.0,501.3333333333333,137.20000000000002,163.8,175.89,92.84,540.0,2252.0,345.0
2025-07-01,435.0,451.0,501.3333333333333,137.20000000000002,163.8,175.89,91.78,540.0,2252.0,345.0
2025-07-02,435.0,451.0,501.3333333333333,137.20000000000002,163.8,175.89,93.82,537.5,2252.0,345.0
2025-07-03,435.0,451.0,501.3333333333333,137.20000000000002,163.8,175.89,94.98,535.0,2252.0,344.0
2025-07-04,435.0,441.5,496.0,137.20000000000002,166.60000000000002,180.07,94.73,535.0,2252.0,344.0
2025-07-05,435.0,441.5,496.0,137.20000000000002,166.60000000000002,180.07,94.73,535.0,2252.0,344.0
2025-07-06,435.0,441.5,496.0,137.20000000000002,166.60000000000002,180.07,94.73,535.0,2252.0,344.0
2025-07-07,435.0,441.5,496.0,137.20000000000002,166.60000000000002,180.07,93.92,535.0,2252.0,345.0
2025-07-08,435.0,441.5,496.0,137.20000000000002,166.60000000000002,180.07,94.27,532.5,2252.0,345.0
2025-07-09,435.0,441.5,496.0,137.20000000000002,166.60000000000002,180.07,94.49,532.5,2252.0,345.0
2025-07-10,435.0,441.5,496.0,137.20000000000002,166.60000000000002,180.07,98.99,532.5,2252.0,345.0
2025-07-11,437.5,443.0,494.6666666666667,137.20000000000002,177.8,177.81,97.54,532.5,2252.0,345.0
2025-07-12,437.5,443.0,494.6666666666667,137.20000000000002,177.8,177.81,97.54,532.5,2252.0,345.0
2025-07-13,437.5,443.0,494.6666666666667,137.20000000000002,177.8,177.81,97.54,532.5,2252.0,345.0
2025-07-14,437.5,443.0,494.6666666666667,137.20000000000002,177.8,177.81,97.8,535.0,2252.0,344.5
2025-07-15,437.5,443.0,494.6666666666667,137.20000000000002,177.8,177.81,97.24,535.0,2252.0,344.5
2025-07-16,437.5,443.0,494.6666666666667,137.20000000000002,177.8,177.81,98.12,532.5,2252.0,344.5
2025-07-17,437.5,443.0,494.6666666666667,137.20000000000002,177.8,177.81,99.15,532.5,2252.0,345.5
2025-07-18,437.5,454.0,488.0,144.20000000000002,177.8,167.87,98.89,532.5,2252.0,345.5
2025-07-19,437.5,454.0,488.0,144.20000000000002,177.8,167.87,98.89,532.5,2252.0,345.5
2025-07-20,437.5,454.0,488.0,144.20000000000002,177.8,167.87,98.89,532.5,2252.0,345.5
2025-07-21,437.5,454.0,488.0,144.20000000000002,177.8,167.87,101.36,540.0,2252.0,345.5
2025-07-22,437.5,454.0,488.0,144.20000000000002,177.8,167.87,103.07,540.0,2252.0,346.5
2025-07-23,437.5,454.0,488.0,144.20000000000002,177.8,167.87,102.39,540.0,2252.0,346.0
2025-07-24,437.5,454.0,488.0,144.20000000000002,177.8,167.87,102.98,540.0,2252.0,346.0
2025-07-25,445.0,456.5,488.0,158.20000000000002,200.20000000000002,176.3,101.3,540.0,2252.0,346.0
2025-07-26,445.0,456.5,488.0,158.20000000000002,200.20000000000002,176.3,101.3,540.0,2252.0,346.0
2025-07-27,445.0,456.5,488.0,158.20000000000002,200.20000000000002,176.3,101.3,540.0,2252.0,346.0
2025-07-28,445.0,456.5,488.0,158.20000000000002,200.20000000000002,176.3,99.15,540.0,2252.0,346.0
2025-07-29,445.0,456.5,488.0,158.20000000000002,200.20000000000002,176.3,100.86,540.0,2252.0,346.0
2025-07-30,445.0,456.5,488.0,158.20000000000002,200.20000000000002,176.3,100.05,542.5,2252.0,346.0
2025-07-31,445.0,456.5,488.0,158.20000000000002,200.20000000000002,176.3,98.3,542.5,2253.5,346.0
2025-08-01,445.0,462.5,490.6666666666667,165.20000000000002,193.20000000000002,191.86,98.63,542.5,2253.5,346.0
2025-08-02,445.0,462.5,490.6666666666667,165.20000000000002,193.20000000000002,191.86,98.63,542.5,2253.5,346.0
2025-08-03,445.0,462.5,490.6666666666667,165.20000000000002,193.20000000000002,191.86,98.63,542.5,2253.5,346.0
2025-08-04,445.0,462.5,490.6666666666667,165.20000000000002,193.20000000000002,191.86,100.0,542.5,2253.5,346.0
2025-08-05,445.0,462.5,490.6666666666667,165.20000000000002,193.20000000000002,191.86,100.92,542.5,2253.5,346.0
2025-08-06,445.0,462.5,490.6666666666667,165.20000000000002,193.20000000000002,191.86,100.3,542.5,2253.5,346.0
2025-08-07,445.0,462.5,490.6666666666667,165.20000000000002,193.20000000000002,191.86,100.78,542.5,2253.5,346.0
2025-08-08,440.0,458.5,489.3333333333333,172.20000000000002,201.60000000000002,195.69,100.9,542.5,2253.5,346.0
2025-08-09,440.0,458.5,489.3333333333333,172.20000000000002,201.60000000000002,195.69,100.9,542.5,2253.5,346.0
2025-08-10,440.0,458.5,489.3333333333333,172.20000000000002,201.60000000000002,195.69,100.9,542.5,2253.5,346.0
2025-08-11,440.0,458.5,489.3333333333333,172.20000000000002,201.60000000000002,195.69,101.39,542.5,2253.5,346.5
2025-08-12,440.0,458.5,489.3333333333333,172.20000000000002,201.60000000000002,195.69,104.37,542.5,2253.5,346.5
2025-08-13,440.0,458.5,489.3333333333333,172.20000000000002,201.60000000000002,195.69,102.43,542.5,2253.5,345.5
2025-08-14,440.0,458.5,489.3333333333333,172.20000000000002,201.60000000000002,195.69,102.18,540.0,2253.5,345.0
2025-08-15,440.0,462.5,489.3333333333333,179.20000000000002,204.4,192.54,101.28,540.0,2253.5,344.5
2025-08-16,440.0,462.5,489.3333333333333,179.20000000000002,204.4,192.54,101.28,540.0,2253.5,344.5
2025-08-17,440.0,462.5,489.3333333333333,179.20000000000002,204.4,192.54,101.28,540.0,2253.5,344.5
2025-08-18,440.0,462.5,489.3333333333333,179.20000000000002,204.4,192.54,101.75,540.0,2253.5,345.0
2025-08-19,440.0,462.5,489.3333333333333,179.20000000000002,204.4,192.54,100.84,540.0,2253.5,345.0
2025-08-20,440.0,462.5,489.3333333333333,179.20000000000002,204.4,192.54,100.31,540.0,2253.5,345.0
2025-08-21,440.0,462.5,489.3333333333333,179.20000000000002,204.4,192.54,100.51,537.5,2253.5,345.0
2025-08-22,440.0,458.0,488.0,186.20000000000002,205.8,191.39,99.95,537.5,2253.5,345.0
2025-08-23,440.0,458.0,488.0,186.20000000000002,205.8,191.39,99.95,537.5,2253.5,345.0
2025-08-24,440.0,458.0,488.0,186.20000000000002,205.8,191.39,99.95,537.5,2253.5,345.0
2025-08-25,440.0,458.0,488.0,186.20000000000002,205.8,191.39,100.54,537.5,2253.5,345.0
2025-08-26,440.0,458.0,488.0,186.20000000000002,205.8,191.39,101.9,537.5,2253.5,345.0
2025-08-27,440.0,458.0,488.0,186.20000000000002,205.8,191.39,101.94,537.5,2253.5,344.0
2025-08-28,440.0,458.0,488.0,186.20000000000002,205.8,191.39,102.26,537.5,2253.5,344.0
2025-08-29,442.5,455.5,486.0,186.20000000000002,207.20000000000002,186.98,102.24,537.5,2258.5,343.0
2025-08-30,442.5,455.5,486.0,186.20000000000002,207.20000000000002,186.98,102.24,537.5,2258.5,343.0
2025-08-31,442.5,455.5,486.0,186.20000000000002,207.20000000000002,186.98,102.24,537.5,2258.5,343.0
2025-09-01,442.5,455.5,486.0,186.20000000000002,207.20000000000002,186.98,101.06,537.5,2258.5,343.0
2025-09-02,442.5,455.5,486.0,186.20000000000002,207.20000000000002,186.98,101.45,537.5,2258.5,343.0
2025-09-03,442.5,455.5,486.0,186.20000000000002,207.20000000000002,186.98,102.87,537.5,2258.5,343.0
2025-09-04,442.5,455.5,486.0,186.20000000000002,207.20000000000002,186.98,105.14,535.0,2258.5,343.0
2025-09-05,437.5,452.5,488.0,186.20000000000002,200.20000000000002,185.81,105.99,535.0,2258.5,342.0
2025-09-06,437.5,452.5,488.0,186.20000000000002,200.20000000000002,185.81,105.99,535.0,2258.5,342.0
2025-09-07,437.5,452.5,488.0,186.20000000000002,200.20000000000002,185.81,105.99,535.0,2258.5,342.0
2025-09-08,437.5,452.5,488.0,186.20000000000002,200.20000000000002,185.81,104.98,535.0,2258.5,342.0
2025-09-09,437.5,452.5,488.0,186.20000000000002,200.20000000000002,185.81,107.59,535.0,2258.5,341.5
2025-09-10,437.5,452.5,488.0,186.20000000000002,200.20000000000002,185.81,107.34,535.0,2258.5,338.5
2025-09-11,437.5,452.5,488.0,186.20000000000002,200.20000000000002,185.81,105.26,535.0,2258.5,338.5
2025-09-12,437.5,452.5,488.0,179.20000000000002,194.60000000000002,187.48,105.38,535.0,2258.5,337.5
2025-09-13,437.5,452.5,488.0,179.20000000000002,194.60000000000002,187.48,105.38,535.0,2258.5,337.5
2025-09-14,437.5,452.5,488.0,179.20000000000002,194.60000000000002,187.48,105.38,535.0,2258.5,337.5
2025-09-15,437.5,452.5,488.0,179.20000000000002,194.60000000000002,187.48,106.33,535.0,2258.5,335.5
2025-09-16,437.5,452.5,488.0,179.20000000000002,194.60000000000002,187.48,106.3,535.0,2258.5,335.0
2025-09-17,437.5,452.5,488.0,179.20000000000002,194.60000000000002,187.48,105.5,535.0,2258.5,334.5
2025-09-18,437.5,452.5,488.0,179.20000000000002,194.60000000000002,187.48,105.17,535.0,2258.5,334.5
2025-09-19,433.5,455.0,482.6666666666667,172.20000000000002,210.00000000000003,187.71,105.92,535.0,2258.5,334.5
2025-09-20,433.5,455.0,482.6666666666667,172.20000000000002,210.00000000000003,187.71,105.92,535.0,2258.5,334.5
2025-09-21,433.5,455.0,482.6666666666667,172.20000000000002,210.00000000000003,187.71,105.92,535.0,2258.5,334.5
2025-09-22,433.5,455.0,482.6666666666667,172.20000000000002,210.00000000000003,187.71,104.9,535.0,2258.5,334.5
2025-09-23,433.5,455.0,482.6666666666667,172.20000000000002,210.00000000000003,187.71,105.48,535.0,2258.5,334.5
2025-09-24,433.5,455.0,482.6666666666667,172.20000000000002,210.00000000000003,187.71,105.73,540.0,2258.5,340.0
2025-09-25,433.5,455.0,482.6666666666667,172.20000000000002,210.00000000000003,187.71,106.76,540.0,2258.5,340.0
2025-09-26,435.0,455.0,482.6666666666667,172.20000000000002,204.4,190.59,103.58,540.0,2258.5,341.0
2025-09-27,435.0,455.0,482.6666666666667,172.20000000000002,204.4,190.59,103.58,540.0,2258.5,341.0
2025-09-28,435.0,455.0,482.6666666666667,172.20000000000002,204.4,190.59,103.58,540.0,2258.5,341.0
2025-09-29,435.0,455.0,482.6666666666667,172.20000000000002,204.4,190.59,102.87,542.5,2258.5,342.0
2025-09-30,435.0,455.0,482.6666666666667,172.20000000000002,204.4,190.59,103.12,542.5,2337.5,342.0
2025-10-01,435.0,455.0,482.6666666666667,172.20000000000002,204.4,190.59,103.1,542.5,2337.5,342.5
2025-10-02,435.0,455.0,482.6666666666667,172.20000000000002,204.4,190.59,103.32,542.5,2337.5,345.0
2025-10-03,437.5,446.5,482.6666666666667,179.20000000000002,204.4,190.71,103.49,542.5,2337.5,345.0
2025-10-04,437.5,446.5,482.6666666666667,179.20000000000002,204.4,190.71,103.49,542.5,2337.5,345.0
2025-10-05,437.5,446.5,482.6666666666667,179.20000000000002,204.4,190.71,103.49,542.5,2337.5,345.0
2025-10-06,437.5,446.5,482.6666666666667,179.20000000000002,204.4,190.71,103.67,545.0,2337.5,345.0
2025-10-07,437.5,446.5,482.6666666666667,179.20000000000002,204.4,190.71,103.65,545.0,2337.5,346.0
2025-10-08,437.5,446.5,482.6666666666667,179.20000000000002,204.4,190.71,103.79,547.5,2337.5,346.5
2025-10-09,437.5,446.5,482.6666666666667,179.20000000000002,204.4,190.71,104.49,547.5,2337.5,349.0
2025-10-10,435.0,448.0,478.6666666666667,179.20000000000002,201.60000000000002,194.4,106.8,547.5,2337.5,350.0
2025-10-11,435.0,448.0,478.6666666666667,179.20000000000002,201.60000000000002,194.4,106.8,547.5,2337.5,350.0
2025-10-12,435.0,448.0,478.6666666666667,179.20000000000002,201.60000000000002,194.4,106.8,547.5,2337.5,350.0
2025-10-13,435.0,448.0,478.6666666666667,179.20000000000002,201.60000000000002,194.4,107.79,547.5,2337.5,350.0
2025-10-14,435.0,448.0,478.6666666666667,179.20000000000002,201.60000000000002,194.4,107.11,547.5,2337.5,350.0
2025-10-15,435.0,448.0,478.6666666666667,179.20000000000002,201.60000000000002,194.4,106.95,547.5,2337.5,351.5
2025-10-16,435.0,448.0,478.6666666666667,179.20000000000002,201.60000000000002,194.4,106.57,547.5,2337.5,351.5
2025-10-17,435.0,449.0,478.6666666666667,179.20000000000002,203.00000000000003,194.5,105.91,547.5,2337.5,351.5
2025-10-18,435.0,449.0,478.6666666666667,179.20000000000002,203.00000000000003,194.5,105.91,547.5,2337.5,351.5
2025-10-19,435.0,449.0,478.6666666666667,179.20000000000002,203.00000000000003,194.5,105.91,547.5,2337.5,351.5
2025-10-20,435.0,449.0,478.6666666666667,179.20000000000002,203.00000000000003,194.5,105.56,547.5,2337.5,351.0
2025-10-21,435.0,449.0,478.6666666666667,179.20000000000002,203.00000000000003,194.5,105.52,547.5,2337.5,351.0
2025-10-22,435.0,449.0,478.6666666666667,179.20000000000002,203.00000000000003,194.5,104.45,547.5,2337.5,351.0
2025-10-23,435.0,449.0,478.6666666666667,179.20000000000002,203.00000000000003,194.5,104.75,547.5,2337.5,350.0
2025-10-24,433.0,449.5,478.6666666666667,179.20000000000002,208.60000000000002,197.52,104.71,547.5,2337.5,350.0
2025-10-25,433.0,449.5,478.6666666666667,179.20000000000002,208.60000000000002,197.52,104.71,547.5,2337.5,350.0
2025-10-26,433.0,449.5,478.6666666666667,179.20000000000002,208.60000000000002,197.52,104.71,547.5,2337.5,350.0
2025-10-27,433.0,449.5,478.6666666666667,179.20000000000002,208.60000000000002,197.52,105.09,547.5,2337.5,350.0
2025-10-28,433.0,449.5,478.6666666666667,179.20000000000002,208.60000000000002,197.52,106.05,547.5,2337.5,350.0
2025-10-29,433.0,449.5,478.6666666666667,179.20000000000002,208.60000000000002,197.52,106.3,547.5,2337.5,350.0
2025-10-30,433.0,449.5,478.6666666666667,179.20000000000002,208.60000000000002,197.52,106.23,547.5,2337.5,350.0
2025-10-31,433.0,444.5,474.6666666666667,186.20000000000002,217.00000000000003,197.36,106.22,547.5,2372.5,351.0
2025-11-01,433.0,444.5,474.6666666666667,186.20000000000002,217.00000000000003,197.36,106.22,547.5,2372.5,351.0
2025-11-02,433.0,444.5,474.6666666666667,186.20000000000002,217.00000000000003,197.36,106.22,547.5,2372.5,351.0
2025-11-03,433.0,444.5,474.6666666666667,186.20000000000002,217.00000000000003,197.36,105.96,550.0,2372.5,352.0
2025-11-04,433.0,444.5,474.6666666666667,186.20000000000002,217.00000000000003,197.36,104.79,550.0,2372.5,352.0
2025-11-05,433.0,444.5,474.6666666666667,186.20000000000002,217.00000000000003,197.36,105.02,550.0,2372.5,355.5
2025-11-06,433.0,444.5,474.6666666666667,186.20000000000002,217.00000000000003,197.36,105.49,550.0,2372.5,355.5
2025-11-07,433.0,447.5,473.3333333333333,193.20000000000002,219.8,196.83,103.32,550.0,2372.5,355.5
2025-11-08,433.0,447.5,473.3333333333333,193.20000000000002,219.8,196.83,103.32,550.0,2372.5,355.5
2025-11-09,433.0,447.5,473.3333333333333,193.20000000000002,219.8,196.83,103.32,550.0,2372.5,355.5
2025-11-10,433.0,447.5,473.3333333333333,193.20000000000002,219.8,196.83,103.92,550.0,2372.5,355.5
2025-11-11,433.0,447.5,473.3333333333333,193.20000000000002,219.8,196.83,102.77,550.0,2372.5,355.5
2025-11-12,433.0,447.5,473.3333333333333,193.20000000000002,219.8,196.83,103.08,550.0,2372.5,355.5
2025-11-13,433.0,447.5,473.3333333333333,193.20000000000002,219.8,196.83,103.16,550.0,2372.5,355.5
2025-11-14,433.0,447.0,477.3333333333333,200.20000000000002,214.20000000000002,196.63,103.19,550.0,2372.5,354.0
2025-11-15,433.0,447.0,477.3333333333333,200.20000000000002,214.20000000000002,196.63,103.19,550.0,2372.5,354.0
2025-11-16,433.0,447.0,477.3333333333333,200.20000000000002,214.20000000000002,196.63,103.19,550.0,2372.5,354.0
2025-11-17,433.0,447.0,477.3333333333333,200.20000000000002,214.20000000000002,196.63,103.92,550.0,2372.5,354.0
2025-11-18,433.0,447.0,477.3333333333333,200.20000000000002,214.20000000000002,196.63,104.04,552.5,2372.5,355.5
2025-11-19,433.0,447.0,477.3333333333333,200.20000000000002,214.20000000000002,196.63,104.94,552.5,2372.5,355.5
2025-11-20,433.0,447.0,477.3333333333333,200.20000000000002,214.20000000000002,196.63,104.8,555.0,2372.5,355.5
2025-11-21,434.0,462.5,481.3333333333333,200.20000000000002,207.20000000000002,201.06,104.21,555.0,2372.5,360.5
2025-11-22,434.0,462.5,481.3333333333333,200.20000000000002,207.20000000000002,201.06,104.21,555.0,2372.5,360.5
2025-11-23,434.0,462.5,481.3333333333333,200.20000000000002,207.20000000000002,201.06,104.21,555.0,2372.5,360.5
2025-11-24,434.0,462.5,481.3333333333333,200.20000000000002,207.20000000000002,201.06,104.4,560.0,2372.5,360.5
2025-11-25,434.0,462.5,481.3333333333333,200.20000000000002,207.20000000000002,201.06,106.13,560.0,2372.5,360.5
2025-11-26,434.0,462.5,481.3333333333333,200.20000000000002,207.20000000000002,201.06,106.13,562.5,2372.5,362.0
2025-11-27,434.0,462.5,481.3333333333333,200.20000000000002,207.20000000000002,201.06,106.1,563.5,2372.5,362.0
2025-11-28,437.0,446.5,481.3333333333333,203.00000000000003,200.20000000000002,201.46,105.74,565.0,2422.5,363.5
2025-11-29,437.0,446.5,481.3333333333333,203.00000000000003,200.20000000000002,201.46,105.74,565.0,2422.5,363.5
2025-11-30,437.0,446.5,481.3333333333333,203.00000000000003,200.20000000000002,201.46,105.74,565.0,2422.5,363.5
2025-12-01,437.0,446.5,481.3333333333333,203.00000000000003,200.20000000000002,201.46,107.77,570.0,2422.5,365.0
2025-12-02,437.0,446.5,481.3333333333333,203.00000000000003,200.20000000000002,201.46,108.27,570.0,2422.5,365.5
2025-12-03,437.0,446.5,481.3333333333333,203.00000000000003,200.20000000000002,201.46,108.62,570.0,2422.5,367.0
2025-12-04,437.0,446.5,481.3333333333333,203.00000000000003,200.20000000000002,201.46,108.51,570.0,2422.5,368.5
2025-12-05,437.0,452.5,486.6666666666667,193.20000000000002,203.00000000000003,204.51,107.59,570.0,2422.5,369.5
2025-12-06,437.0,452.5,486.6666666666667,193.20000000000002,203.00000000000003,204.51,107.59,570.0,2422.5,369.5
2025-12-07,437.0,452.5,486.6666666666667,193.20000000000002,203.00000000000003,204.51,107.59,570.0,2422.5,369.5
2025-12-08,437.0,452.5,486.6666666666667,193.20000000000002,203.00000000000003,204.51,106.42,570.0,2422.5,369.5
2025-12-09,437.0,452.5,486.6666666666667,193.20000000000002,203.00000000000003,204.51,106.18,567.5,2422.5,369.5
2025-12-10,437.0,452.5,486.6666666666667,193.20000000000002,203.00000000000003,204.51,106.53,567.5,2422.5,369.0
2025-12-11,437.0,452.5,486.6666666666667,193.20000000000002,203.00000000000003,204.51,105.9,567.5,2422.5,368.5
2025-12-12,440.5,449.0,486.6666666666667,186.20000000000002,201.60000000000002,209.84,105.98,567.5,2422.5,367.5
2025-12-13,440.5,449.0,486.6666666666667,186.20000000000002,201.60000000000002,209.84,105.98,567.5,2422.5,367.5
2025-12-14,440.5,449.0,486.6666666666667,186.20000000000002,201.60000000000002,209.84,105.98,567.5,2422.5,367.5
2025-12-15,440.5,449.0,486.6666666666667,186.20000000000002,201.60000000000002,209.84,105.83,562.5,2422.5,367.5
2025-12-16,440.5,449.0,486.6666666666667,186.20000000000002,201.60000000000002,209.84,106.0,562.5,2422.5,366.0
2025-12-17,440.5,449.0,486.6666666666667,186.20000000000002,201.60000000000002,209.84,106.28,562.5,2422.5,365.5
2025-12-18,440.5,449.0,486.6666666666667,186.20000000000002,201.60000000000002,209.84,108.02,562.5,2422.5,365.5
2025-12-19,440.5,442.5,484.0,186.20000000000002,207.20000000000002,215.73,107.83,562.5,2422.5,368.5
2025-12-20,440.5,442.5,484.0,186.20000000000002,207.20000000000002,215.73,107.83,562.5,2422.5,368.5
2025-12-21,440.5,442.5,484.0,186.20000000000002,207.20000000000002,215.73,107.83,562.5,2422.5,368.5
2025-12-22,440.5,442.5,484.0,186.20000000000002,207.20000000000002,215.73,107.62,562.5,2422.5,369.5
2025-12-23,440.5,442.5,484.0,186.20000000000002,207.20000000000002,215.73,107.32,562.5,2422.5,369.5
2025-12-24,440.5,442.5,484.0,186.20000000000002,207.20000000000002,215.73,106.94,562.5,2422.5,367.5
2025-12-25,440.5,442.5,484.0,186.20000000000002,207.20000000000002,215.73,106.63,562.5,2422.5,368.5
2025-12-26,438.0,442.5,482.6666666666667,179.20000000000002,204.4,216.99,106.79,560.0,2422.5,368.5
2025-12-27,438.0,442.5,482.6666666666667,179.20000000000002,204.4,216.99,106.79,560.0,2422.5,368.5
2025-12-28,438.0,442.5,482.6666666666667,179.20000000000002,204.4,216.99,106.79,560.0,2422.5,368.5
2025-12-29,438.0,442.5,482.6666666666667,179.20000000000002,204.4,216.99,107.26,560.0,2422.5,368.5
2025-12-30,438.0,442.5,482.6666666666667,179.20000000000002,204.4,216.99,107.12,560.0,2422.5,368.5
2025-12-31,438.0,442.5,482.6666666666667,179.20000000000002,204.4,216.99,106.83,560.0,2422.5,368.5
2026-01-01,438.0,442.5,482.6666666666667,179.20000000000002,204.4,216.99,106.83,560.0,2422.5,368.5
2026-01-02,438.0,451.5,482.6666666666667,179.20000000000002,204.4,216.99,106.83,560.0,2422.5,368.5
2026-01-03,438.0,451.5,482.6666666666667,179.20000000000002,204.4,216.99,106.83,560.0,2422.5,368.5
2026-01-04,438.0,451.5,482.6666666666667,179.20000000000002,204.4,216.99,106.83,560.0,2422.5,368.5
2026-01-05,438.0,451.5,482.6666666666667,179.20000000000002,204.4,216.99,106.83,560.0,2422.5,368.5
2026-01-06,438.0,451.5,482.6666666666667,179.20000000000002,204.4,216.99,106.83,560.0,2422.5,368.5
2026-01-07,438.0,451.5,482.6666666666667,179.20000000000002,204.4,216.99,106.83,560.0,2422.5,368.5
2026-01-08,438.0,451.5,482.6666666666667,179.20000000000002,204.4,216.99,106.83,562.5,2422.5,368.5
2026-01-09,438.0,453.5,496.0,179.20000000000002,204.4,216.99,106.83,562.5,2422.5,368.5
2026-01-10,438.0,453.5,496.0,179.20000000000002,204.4,216.99,106.83,562.5,2422.5,368.5
2026-01-11,438.0,453.5,496.0,179.20000000000002,204.4,216.99,106.83,562.5,2422.5,368.5
2026-01-12,438.0,453.5,496.0,179.20000000000002,204.4,216.99,106.83,562.5,2422.5,368.5
2026-01-13,438.0,453.5,496.0,179.20000000000002,204.4,216.99,106.83,564.0,2422.5,368.5
2026-01-14,438.0,453.5,496.0,179.20000000000002,204.4,216.99,106.83,564.0,2422.5,368.5
2026-01-15,438.0,453.5,496.0,179.20000000000002,204.4,216.99,106.83,564.0,2422.5,368.5
2026-01-16,442.0,447.5,494.6666666666667,179.20000000000002,204.4,216.99,106.83,564.0,2422.5,368.5
2026-01-17,442.0,447.5,494.6666666666667,179.20000000000002,204.4,216.99,106.83,564.0,2422.5,368.5
2026-01-18,442.0,447.5,494.6666666666667,179.20000000000002,204.4,216.99,106.83,564.0,2422.5,368.5
2026-01-19,442.0,447.5,494.6666666666667,179.20000000000002,204.4,216.99,106.83,562.5,2422.5,368.5
2026-01-20,442.0,447.5,494.6666666666667,179.20000000000002,204.4,216.99,106.83,560.0,2422.5,368.5
